Team1,Team2,Match_type,Date_,Date,team1_Goal_Times,team2_Goal_Times,team1_Matches,team2_Matches,team1_Rest: Days (Hours),team2_Rest: Days (Hours),team1_Wins,team2_Wins,team1_Draws,team2_Draws,team1_Losing,team2_Losing,Form_points_team1,Form_points_team2,team1_Goals scored,team2_Goals scored,team1_Goals conceded,team2_Goals conceded,team1_Goals scored per game,team2_Goals scored per game,team1_Goals conceded per game,team2_Goals conceded per game,team1_Clean sheets,team2_Clean sheets,team1_both teams to score,team2_both teams to score,team1_TU 2.5,team2_TU 2.5,team1_TO 2.5,team2_TO 2.5,team1_Shots ,team2_Shots ,team1_Shots  (competitor),team2_Shots  (competitor),team1_Shots on Target ,team2_Shots on Target ,team1_Shots on Target  (competitor),team2_Shots on Target  (competitor),team1_Possession ,team2_Possession ,team1_Possession  (competitor),team2_Possession  (competitor),team1_Corners ,team2_Corners ,team1_Corners  (competitor),team2_Corners  (competitor),team1_Fouls ,team2_Fouls ,team1_Fouls  (competitor),team2_Fouls  (competitor),team1_Offsides ,team2_Offsides ,team1_Offsides  (competitor),team2_Offsides  (competitor),team1_Yellow Cards ,team2_Yellow Cards ,team1_Yellow Cards  (competitor),team2_Yellow Cards  (competitor),team1_Red cards ,team2_Red cards ,team1_Red cards  (competitor),team2_Red cards  (competitor),H2H_available,H2H_matches,H2H_most_productive_draw,H2H_most_productive_match,h2h_Wins_team1,h2h_Wins_team2,h2h_Scored goals_team1,h2h_Scored goals_team2,h2h_Goals match average_team1,h2h_Goals match average_team2,h2h_Biggest win_team1,h2h_Biggest win_team2,date_x,Home_Elo,change_x,date_y,Away_Elo,change_y,Elo_Diff,Abs_Elo_Diff,Elo_Home_Adv,Elo_Ratio
Canada,Guatemala,"Friendly International, 17.01.2026 21:00",17.01.2026,1/17/2026,,,10,10,60,60,5,4,3,2,2,4,18,14,16,13,3,13,1.6,1.3,0.3,1.3,7,1,2,7,2,4,8,6,10.7,12.9,6.1,11.3,4,4,1.9,4.1,48.9,47.5,49.5,52.5,5.1,5.3,2.9,4.6,13.6,11.9,16.3,12.3,2,2.1,1.1,1.4,2.2,1.8,2.2,1.9,0.3,0,0.4,0.1,TRUE,16,2:02,['3:2'],10,2,23,11,1.44,0.69,,,12/13/2025,1802,0,12/13/2025,1528,0,274,274,1852,1.179319372
Senegal,Morocco,"African Cup of Nations, final, 18.01.2026 13:00",18.01.2026,1/18/2026,,,10,10,4,3.9,8,9,1,1,1,0,25,28,29,17,4,3,2.9,1.7,0.4,0.3,7,8,2,2,6,3,4,7,13.78,13.6,6.56,6.8,7.22,5.6,2.56,1.3,62.22,55.4,37.78,44.6,5.56,5.4,3.11,2,16,14.22,12.57,15.67,1.57,2.44,1.86,1.22,1.89,1.5,1.67,2.5,0.11,0.1,0.11,0,TRUE,25,1:01,"['3:1', '1:3', '3:1']",5,14,13,31,0.52,1.24,,,12/13/2025,1803,0,12/13/2025,1830,0,-27,27,1853,0.985245902
Bolivia,Panama,"Friendly International, 18.01.2026 15:00",18.01.2026,1/18/2026,,,10,10,28,60.8,3,6,1,3,6,1,10,21,4,20,15,8,0.4,2,1.5,0.8,4,4,0,6,3,4,7,6,13.2,16.4,10.1,10.6,4.4,6.1,4.5,3.3,49.8,62.7,50.2,37.3,4.9,6.3,3.6,3.4,14,13.2,12.89,12.4,1.67,1.3,1.89,2.1,1.3,1.2,1.6,1.9,0.1,0,0.1,0,TRUE,6,,"['1:3', '1:3']",1,5,7,12,1.17,2,,,12/13/2025,1675,0,12/13/2025,1742,0,-67,67,1725,0.961538462
Senegal,Morocco,"African Cup of Nations, final, 18.01.2026 13:00",18.01.2026,1/18/2026,,,10,10,4,3.9,8,9,1,1,1,0,25,28,29,17,4,3,2.9,1.7,0.4,0.3,7,8,2,2,6,3,4,7,13.78,13.6,6.56,6.8,7.22,5.6,2.56,1.3,62.22,55.4,37.78,44.6,5.56,5.4,3.11,2,16,14.22,12.57,15.67,1.57,2.44,1.86,1.22,1.89,1.5,1.67,2.5,0.11,0.1,0.11,0,TRUE,25,1:01,"['3:1', '1:3', '3:1']",5,14,13,31,0.52,1.24,,,12/13/2025,1803,0,12/13/2025,1830,0,-27,27,1853,0.985245902
Panama,Mexico,"Friendly International, 22.01.2026 20:00",22.01.2026,1/22/2026,,,10,10,65,65,6,3,3,5,1,2,21,14,20,9,8,10,2,0.9,0.8,1,4,5,6,4,4,4,6,6,16.4,12,10.6,6.6,6.1,4.1,3.3,2.7,62.7,58.8,37.3,41.2,6.3,3.8,3.4,2.4,13.2,14.1,12.4,14.5,1.3,0.8,2.1,1.1,1.2,2.2,1.9,2.5,0,0.1,0,0,TRUE,27,2:02,['7:1'],2,19,16,50,0.59,1.85,,,12/13/2025,1742,0,12/13/2025,1835,0,-93,93,1792,0.949318801
Panama,Mexico,"Friendly International, 22.01.2026 20:00",22.01.2026,1/22/2026,,,10,10,65,65,6,3,3,5,1,2,21,14,20,9,8,10,2,0.9,0.8,1,4,5,6,4,4,4,6,6,16.4,12,10.6,6.6,6.1,4.1,3.3,2.7,62.7,58.8,37.3,41.2,6.3,3.8,3.4,2.4,13.2,14.1,12.4,14.5,1.3,0.8,2.1,1.1,1.2,2.2,1.9,2.5,0,0.1,0,0,TRUE,27,2:02,['7:1'],2,19,16,50,0.59,1.85,,,12/13/2025,1742,0,12/13/2025,1835,0,-93,93,1792,0.949318801
Bolivia,Mexico,"Friendly International, 25.01.2026 13:00",25.01.2026,1/25/2026,,,10,10,34.9,67.7,3,3,1,5,6,2,10,14,4,9,15,10,0.4,0.9,1.5,1,4,5,0,4,3,4,7,6,13.2,12,10.1,6.6,4.4,4.1,4.5,2.7,49.8,58.8,50.2,41.2,4.9,3.8,3.6,2.4,14,14.1,12.89,14.5,1.67,0.8,1.89,1.1,1.3,2.2,1.6,2.5,0.1,0.1,0.1,0,TRUE,13,0:00,['5:1'],1,10,5,21,0.38,1.62,,,12/13/2025,1675,0,12/13/2025,1835,0,-160,160,1725,0.91280654
Mexico,Iceland,"Friendly International, 25.02.2026 20:00",25.02.2026,2/25/2026,,,10,10,99,101.3,3,3,5,1,2,6,14,10,9,18,10,18,0.9,1.8,1,1.8,5,2,4,6,4,7,6,3,12,9.6,6.6,13.6,4.1,4.2,2.7,5.2,58.8,54.1,41.2,45.9,3.8,3.9,2.4,4.8,14.1,11.7,14.5,12.4,0.8,0.8,1.1,2.4,2.2,1.7,2.5,2.3,0.1,0.1,0,0.2,TRUE,5,0:00,"['2:1', '3:0']",3,0,6,1,1.2,0.2,,,12/13/2025,1835,0,12/13/2025,1566,0,269,269,1885,1.171775223
Brazil,France,"Friendly International, 26.03.2026 15:00",26.03.2026,3/26/2026,,,10,10,128,130.1,5,7,2,1,3,2,17,22,17,24,10,11,1.7,2.4,1,1.1,5,5,4,4,5,6,5,4,12.4,21.4,9.7,7.2,4.4,7.7,3.4,2.6,58.5,63.6,41.5,36.4,4.5,7.8,4,2.3,12,10.8,14.7,13.7,1.25,0.8,2.75,1.7,1.7,1.6,1.6,2,0,0.1,0,0,TRUE,16,2:02,['5:2'],7,5,27,20,1.69,1.25,,,12/13/2025,1979,0,12/13/2025,2062,0,-83,83,2029,0.959747818
Brazil,France,"Friendly International, 26.03.2026 15:00",26.03.2026,3/26/2026,,,10,10,128,130.1,5,7,2,1,3,2,17,22,17,24,10,11,1.7,2.4,1,1.1,5,5,4,4,5,6,5,4,12.4,21.4,9.7,7.2,4.4,7.7,3.4,2.6,58.5,63.6,41.5,36.4,4.5,7.8,4,2.3,12,10.8,14.7,13.7,1.25,0.8,2.75,1.7,1.7,1.6,1.6,2,0,0.1,0,0,TRUE,16,2:02,['5:2'],7,5,27,20,1.69,1.25,,,12/13/2025,1979,0,12/13/2025,2062,0,-83,83,2029,0.959747818
Netherlands,Norway,"Friendly International, 27.03.2026 14:45",27.03.2026,3/27/2026,,,10,10,130,131,6,9,3,1,1,0,21,28,32,39,9,6,3.2,3.9,0.9,0.6,5,5,5,5,7,7,3,3,16.5,19.2,9.1,7.2,6.5,7,3.4,2.7,61.9,58.2,38.1,41.8,5.6,5.5,2.3,2.3,10.5,9.5,11.7,11.3,1.7,1,1.5,1.22,0.9,1,2,1,0.1,0,0,0,TRUE,22,4:04,['9:0'],10,5,47,28,2.14,1.27,,,12/13/2025,1959,0,12/13/2025,1922,0,37,37,2009,1.01925078
Switzerland,Germany,"Friendly International, 27.03.2026 14:45",27.03.2026,3/27/2026,,,10,10,129,130,7,6,3,1,0,3,24,19,26,22,6,11,2.6,2.2,0.6,1.1,5,4,5,4,6,6,4,4,10.78,16.4,7.44,9.2,5.11,6,1.89,3.6,59.8,66.6,40.2,33.4,5,6.1,3.2,4.1,10.6,12.7,11.4,10.6,1.3,1.4,1,0.6,0.78,1.9,1.89,2.3,0,0,0,0.1,TRUE,53,3:03,"['5:3', '3:5', '3:5']",9,35,70,139,1.32,2.62,,,12/13/2025,1897,0,12/13/2025,1910,0,-13,13,1947,0.993193717
England,Uruguay,"Friendly International, 27.03.2026 14:45",27.03.2026,3/27/2026,,,10,10,131,128.8,9,4,0,3,1,3,27,15,26,9,3,9,2.6,0.9,0.3,0.9,9,6,1,2,5,3,5,7,17.7,9.7,5.7,11.5,7.2,2.7,1.8,3.9,72.1,55.5,27.9,44.5,7.3,4.7,2.2,4.5,9.8,11.7,10.9,11.5,1.7,0.78,1.1,1.44,1,1.8,1.3,1.8,0,0.1,0.1,0.1,TRUE,11,0:00,['4:2'],3,5,11,15,1,1.36,,,12/13/2025,2042,0,12/13/2025,1890,0,152,152,2092,1.08042328
England,Uruguay,"Friendly International, 27.03.2026 14:45",27.03.2026,3/27/2026,,,10,10,131,128.8,9,4,0,3,1,3,27,15,26,9,3,9,2.6,0.9,0.3,0.9,9,6,1,2,5,3,5,7,17.7,9.7,5.7,11.5,7.2,2.7,1.8,3.9,72.1,55.5,27.9,44.5,7.3,4.7,2.2,4.5,9.8,11.7,10.9,11.5,1.7,0.78,1.1,1.44,1,1.8,1.3,1.8,0,0.1,0.1,0.1,TRUE,11,0:00,['4:2'],3,5,11,15,1,1.36,,,12/13/2025,2042,0,12/13/2025,1890,0,152,152,2092,1.08042328
Netherlands,Norway,"Friendly International, 27.03.2026 14:45",27.03.2026,3/27/2026,,,10,10,130,131,6,9,3,1,1,0,21,28,32,39,9,6,3.2,3.9,0.9,0.6,5,5,5,5,7,7,3,3,16.5,19.2,9.1,7.2,6.5,7,3.4,2.7,61.9,58.2,38.1,41.8,5.6,5.5,2.3,2.3,10.5,9.5,11.7,11.3,1.7,1,1.5,1.22,0.9,1,2,1,0.1,0,0,0,TRUE,22,4:04,['9:0'],10,5,47,28,2.14,1.27,,,12/13/2025,1959,0,12/13/2025,1922,0,37,37,2009,1.01925078
Switzerland,Germany,"Friendly International, 27.03.2026 14:45",27.03.2026,3/27/2026,,,10,10,129,130,7,6,3,1,0,3,24,19,26,22,6,11,2.6,2.2,0.6,1.1,5,4,5,4,6,6,4,4,10.78,16.4,7.44,9.2,5.11,6,1.89,3.6,59.8,66.6,40.2,33.4,5,6.1,3.2,4.1,10.6,12.7,11.4,10.6,1.3,1.4,1,0.6,0.78,1.9,1.89,2.3,0,0,0,0.1,TRUE,53,3:03,"['5:3', '3:5', '3:5']",9,35,70,139,1.32,2.62,,,12/13/2025,1897,0,12/13/2025,1910,0,-13,13,1947,0.993193717
USA,Belgium,"Friendly International, 28.03.2026 14:30",28.03.2026,3/28/2026,,,10,10,129.8,129.9,7,6,1,3,2,1,22,21,19,33,12,10,1.9,3.3,1.2,1,1,5,8,5,7,7,3,3,13,20.5,10.1,6.4,5.7,7.4,4.1,2.7,56.2,66.9,43.8,33.1,4.9,9.7,5.3,2.4,11.3,9.7,11.2,10.4,1.8,1.2,1.6,1.1,1.7,1.2,1.7,2.6,0,0,0.2,0.1,TRUE,6,,['2:4'],1,5,6,10,1,1.67,,,,1490.960734,,12/13/2025,1849,0,-358.0392658,358.0392658,1540.960734,0.806360592
USA,Belgium,"Friendly International, 28.03.2026 14:30",28.03.2026,3/28/2026,,,10,10,129.8,129.9,7,6,1,3,2,1,22,21,19,33,12,10,1.9,3.3,1.2,1,1,5,8,5,7,7,3,3,13,20.5,10.1,6.4,5.7,7.4,4.1,2.7,56.2,66.9,43.8,33.1,4.9,9.7,5.3,2.4,11.3,9.7,11.2,10.4,1.8,1.2,1.6,1.1,1.7,1.2,1.7,2.6,0,0,0.2,0.1,TRUE,6,,['2:4'],1,5,6,10,1,1.67,,,,1490.960734,,12/13/2025,1849,0,-358.0392658,358.0392658,1540.960734,0.806360592
Germany,Ghana,"Friendly International, 30.03.2026 13:45",30.03.2026,3/30/2026,,,10,10,132.9,132.3,6,6,1,1,3,3,19,19,22,21,11,6,2.2,2.1,1.1,0.6,4,6,4,2,6,5,4,5,16.4,9.1,9.2,6.2,6,4.5,3.6,2.3,66.6,58.8,33.4,41.2,6.1,4.8,4.1,2.4,12.7,11.88,10.6,10.75,1.4,2.43,0.6,0.57,1.9,1.1,2.3,1.4,0,0,0.1,0,TRUE,3,2:02,['6:1'],2,0,9,3,3,1,,,12/13/2025,1910,0,12/13/2025,1509,0,401,401,1960,1.2657389
Germany,Ghana,"Friendly International, 30.03.2026 13:45",30.03.2026,3/30/2026,,,10,10,132.9,132.3,6,6,1,1,3,3,19,19,22,21,11,6,2.2,2.1,1.1,0.6,4,6,4,2,6,5,4,5,16.4,9.1,9.2,6.2,6,4.5,3.6,2.3,66.6,58.8,33.4,41.2,6.1,4.8,4.1,2.4,12.7,11.88,10.6,10.75,1.4,2.43,0.6,0.57,1.9,1.1,2.3,1.4,0,0,0.1,0,TRUE,3,2:02,['6:1'],2,0,9,3,3,1,,,12/13/2025,1910,0,12/13/2025,1509,0,401,401,1960,1.2657389
Netherlands,Ecuador,"Friendly International, 31.03.2026 13:45",31.03.2026,3/31/2026,,,10,10,133.9,132.7,6,3,3,7,1,0,21,16,32,7,9,3,3.2,0.7,0.9,0.3,5,7,5,3,7,1,3,9,16.5,9.7,9.1,8.9,6.5,3.6,3.4,3,61.9,54.3,38.1,45.7,5.6,3.3,2.3,4.3,10.5,13,11.7,11.2,1.7,1.7,1.5,1.1,0.9,2,2,1.8,0.1,0.2,0,0.2,TRUE,3,1:01,"['1:1', '1:1']",1,0,3,2,1,0.67,,,12/13/2025,1959,0,12/13/2025,1933,0,26,26,2009,1.013450595
England,Japan,"Friendly International, 31.03.2026 13:45",31.03.2026,3/31/2026,,,10,10,135,133.3,9,7,0,2,1,1,27,23,26,25,3,7,2.6,2.5,0.3,0.7,9,6,1,3,5,5,5,5,17.7,13.3,5.7,8.5,7.2,6,1.8,2.6,72.1,53,27.9,47,7.3,5.1,2.2,2.6,9.8,13.9,10.9,10.3,1.7,1.4,1.1,1.5,1,1,1.3,0.8,0,0,0.1,0.1,TRUE,3,1:01,"['1:2', '2:1']",2,0,5,3,1.67,1,,,12/13/2025,2042,0,12/13/2025,1878,0,164,164,2092,1.087326944
England,Japan,"Friendly International, 31.03.2026 13:45",31.03.2026,3/31/2026,,,10,10,135,133.3,9,7,0,2,1,1,27,23,26,25,3,7,2.6,2.5,0.3,0.7,9,6,1,3,5,5,5,5,17.7,13.3,5.7,8.5,7.2,6,1.8,2.6,72.1,53,27.9,47,7.3,5.1,2.2,2.6,9.8,13.9,10.9,10.3,1.7,1.4,1.1,1.5,1,1,1.3,0.8,0,0,0.1,0.1,TRUE,3,1:01,"['1:2', '2:1']",2,0,5,3,1.67,1,,,12/13/2025,2042,0,12/13/2025,1878,0,164,164,2092,1.087326944
Netherlands,Ecuador,"Friendly International, 31.03.2026 13:45",31.03.2026,3/31/2026,,,10,10,133.9,132.7,6,3,3,7,1,0,21,16,32,7,9,3,3.2,0.7,0.9,0.3,5,7,5,3,7,1,3,9,16.5,9.7,9.1,8.9,6.5,3.6,3.4,3,61.9,54.3,38.1,45.7,5.6,3.3,2.3,4.3,10.5,13,11.7,11.2,1.7,1.7,1.5,1.1,0.9,2,2,1.8,0.1,0.2,0,0.2,TRUE,3,1:01,"['1:1', '1:1']",1,0,3,2,1,0.67,,,12/13/2025,1959,0,12/13/2025,1933,0,26,26,2009,1.013450595
Norway,Switzerland,"Friendly International, 31.03.2026 10:00",31.03.2026,3/31/2026,,,10,10,134.8,132.8,9,7,1,3,0,0,28,24,39,26,6,6,3.9,2.6,0.6,0.6,5,5,5,5,7,6,3,4,19.2,10.78,7.2,7.44,7,5.11,2.7,1.89,58.2,59.8,41.8,40.2,5.5,5,2.3,3.2,9.5,10.6,11.3,11.4,1,1.3,1.22,1,1,0.78,1,1.89,0,0,0,0,TRUE,19,2:02,"['5:0', '3:2']",8,6,26,20,1.37,1.05,,,12/13/2025,1922,0,12/13/2025,1897,0,25,25,1972,1.013178703
USA,Portugal,"Friendly International, 31.03.2026 18:00",31.03.2026,3/31/2026,,,10,10,132.9,135.3,7,7,1,1,2,2,22,22,19,29,12,13,1.9,2.9,1.2,1.3,1,2,8,6,7,7,3,3,13,20,10.1,11.1,5.7,7.1,4.1,4.1,56.2,62.6,43.8,37.4,4.9,6.4,5.3,3.5,11.3,9.6,11.2,10.4,1.8,2.9,1.6,1.9,1.7,1.9,1.7,2.3,0,0.1,0.2,0,TRUE,7,2:02,['3:2'],2,2,8,8,1.14,1.14,,,,1490.960734,,12/13/2025,1976,0,-485.0392658,485.0392658,1540.960734,0.754534784
Brazil,Croatia,"Friendly International, 31.03.2026 19:00",31.03.2026,3/31/2026,,,10,10,133.1,134.1,5,8,2,1,3,1,17,25,17,28,10,6,1.7,2.8,1,0.6,5,6,4,3,5,6,5,4,12.4,19.4,9.7,9.8,4.4,7.2,3.4,3.4,58.5,63.7,41.5,36.3,4.5,7.7,4,5,12,10.7,14.7,11.6,1.25,2.5,2.75,1.8,1.7,1.2,1.6,1.6,0,0,0,0.1,TRUE,5,1:01,['3:1'],3,0,8,3,1.6,0.6,,,12/13/2025,1979,0,12/13/2025,1933,0,46,46,2029,1.023797206
Brazil,Croatia,"Friendly International, 31.03.2026 19:00",31.03.2026,3/31/2026,,,10,10,133.1,134.1,5,8,2,1,3,1,17,25,17,28,10,6,1.7,2.8,1,0.6,5,6,4,3,5,6,5,4,12.4,19.4,9.7,9.8,4.4,7.2,3.4,3.4,58.5,63.7,41.5,36.3,4.5,7.7,4,5,12,10.7,14.7,11.6,1.25,2.5,2.75,1.8,1.7,1.2,1.6,1.6,0,0,0,0.1,TRUE,5,1:01,['3:1'],3,0,8,3,1.6,0.6,,,12/13/2025,1979,0,12/13/2025,1933,0,46,46,2029,1.023797206
USA,Portugal,"Friendly International, 31.03.2026 18:00",31.03.2026,3/31/2026,,,10,10,132.9,135.3,7,7,1,1,2,2,22,22,19,29,12,13,1.9,2.9,1.2,1.3,1,2,8,6,7,7,3,3,13,20,10.1,11.1,5.7,7.1,4.1,4.1,56.2,62.6,43.8,37.4,4.9,6.4,5.3,3.5,11.3,9.6,11.2,10.4,1.8,2.9,1.6,1.9,1.7,1.9,1.7,2.3,0,0.1,0.2,0,TRUE,7,2:02,['3:2'],2,2,8,8,1.14,1.14,,,,1490.960734,,12/13/2025,1976,0,-485.0392658,485.0392658,1540.960734,0.754534784
Norway,Switzerland,"Friendly International, 31.03.2026 10:00",31.03.2026,3/31/2026,,,10,10,134.8,132.8,9,7,1,3,0,0,28,24,39,26,6,6,3.9,2.6,0.6,0.6,5,5,5,5,7,6,3,4,19.2,10.78,7.2,7.44,7,5.11,2.7,1.89,58.2,59.8,41.8,40.2,5.5,5,2.3,3.2,9.5,10.6,11.3,11.4,1,1.3,1.22,1,1,0.78,1,1.89,0,0,0,0,TRUE,19,2:02,"['5:0', '3:2']",8,6,26,20,1.37,1.05,,,12/13/2025,1922,0,12/13/2025,1897,0,25,25,1972,1.013178703
Germany,Finland,"Friendly International, 31.05.2026 13:45",31.05.2026,5/31/2026,,,10,10,194.9,195,6,4,1,1,3,5,19,13,22,12,11,15,2.2,1.2,1.1,1.5,4,2,4,4,6,6,4,4,16.4,9.5,9.2,13.2,6,4.4,3.6,4.5,66.6,50.2,33.4,49.8,6.1,3.6,4.1,5,12.7,12.9,10.6,11.4,1.4,1.3,0.6,1.4,1.9,1,2.3,1.3,0,0,0.1,0.1,TRUE,23,3:03,['13:0'],16,1,82,19,3.57,0.83,,,12/13/2025,1910,0,12/13/2025,1509,0,401,401,1960,1.2657389
USA,Senegal,"Friendly International, 31.05.2026 14:30",31.05.2026,5/31/2026,,,10,10,193.8,137,7,8,1,1,2,1,22,25,19,29,12,4,1.9,2.9,1.2,0.4,1,7,8,2,7,6,3,4,13,13.78,10.1,6.56,5.7,7.22,4.1,2.56,56.2,62.22,43.8,37.78,4.9,5.56,5.3,3.11,11.3,16,11.2,12.57,1.8,1.57,1.6,1.86,1.7,1.89,1.7,1.67,0,0.11,0.2,0.11,FALSE,,,,,,,,,,,,,1490.960734,,12/13/2025,1803,0,-312.0392658,312.0392658,1540.960734,0.826933297
USA,Senegal,"Friendly International, 31.05.2026 14:30",31.05.2026,5/31/2026,,,10,10,193.8,137,7,8,1,1,2,1,22,25,19,29,12,4,1.9,2.9,1.2,0.4,1,7,8,2,7,6,3,4,13,13.78,10.1,6.56,5.7,7.22,4.1,2.56,56.2,62.22,43.8,37.78,4.9,5.56,5.3,3.11,11.3,16,11.2,12.57,1.8,1.57,1.6,1.86,1.7,1.89,1.7,1.67,0,0.11,0.2,0.11,FALSE,,,,,,,,,,,,,1490.960734,,12/13/2025,1803,0,-312.0392658,312.0392658,1540.960734,0.826933297
USA,Germany,"Friendly International, 06.06.2026 13:30",06.06.2026,6/6/2026,,,10,10,199.7,200.9,7,6,1,1,2,3,22,19,19,22,12,11,1.9,2.2,1.2,1.1,1,4,8,4,7,6,3,4,13,16.4,10.1,9.2,5.7,6,4.1,3.6,56.2,66.6,43.8,33.4,4.9,6.1,5.3,4.1,11.3,12.7,11.2,10.6,1.8,1.4,1.6,0.6,1.7,1.9,1.7,2.3,0,0,0.2,0.1,TRUE,12,,"['4:3', '3:4']",4,8,18,26,1.5,2.17,,,,1490.960734,,12/13/2025,1910,0,-419.0392658,419.0392658,1540.960734,0.780607714
USA,Germany,"Friendly International, 06.06.2026 13:30",06.06.2026,6/6/2026,,,10,10,199.7,200.9,7,6,1,1,2,3,22,19,19,22,12,11,1.9,2.2,1.2,1.1,1,4,8,4,7,6,3,4,13,16.4,10.1,9.2,5.7,6,4.1,3.6,56.2,66.6,43.8,33.4,4.9,6.1,5.3,4.1,11.3,12.7,11.2,10.6,1.8,1.4,1.6,0.6,1.7,1.9,1.7,2.3,0,0,0.2,0.1,TRUE,12,,"['4:3', '3:4']",4,8,18,26,1.5,2.17,,,,1490.960734,,12/13/2025,1910,0,-419.0392658,419.0392658,1540.960734,0.780607714
Mexico,South Africa,"FIFA World Cup, 1-round, group stage, 11.06.2026 15:00",11.06.2026,6/11/2026,,,10,10,204.7,158,3,6,5,2,2,2,14,20,9,17,10,8,0.9,1.7,1,0.8,5,4,4,5,4,6,6,4,12,12.89,6.6,6.44,4.1,5.67,2.7,2.33,58.8,62.67,41.2,37.33,3.8,5.11,2.4,3.89,14.1,12.67,14.5,15.11,0.8,2,1.1,1.33,2.2,2.44,2.5,2.22,0.1,0.11,0,0.22,TRUE,4,1:01,['4:2'],2,1,10,5,2.5,1.25,,,12/13/2025,1835,0,,1490.960734,,344.0392658,344.0392658,1885,1.230750051
Mexico,South Africa,"FIFA World Cup, 1-round, group stage, 11.06.2026 15:00",11.06.2026,6/11/2026,,,10,10,204.7,158,3,6,5,2,2,2,14,20,9,17,10,8,0.9,1.7,1,0.8,5,4,4,5,4,6,6,4,12,12.89,6.6,6.44,4.1,5.67,2.7,2.33,58.8,62.67,41.2,37.33,3.8,5.11,2.4,3.89,14.1,12.67,14.5,15.11,0.8,2,1.1,1.33,2.2,2.44,2.5,2.22,0.1,0.11,0,0.22,TRUE,4,1:01,['4:2'],2,1,10,5,2.5,1.25,,,12/13/2025,1835,0,,1490.960734,,344.0392658,344.0392658,1885,1.230750051
South Korea,European Play-Off D,"FIFA World Cup, 1-round, group stage, 11.06.2026 22:00",11.06.2026,6/11/2026,,,,,,,,,,,,,#VALUE!,#VALUE!,,,,,,,,,,,,,,,,,,,,,,,,,,,,,,,,,,,,,,,,,,,,,,,,,FALSE,,,,,,,,,,,,,1490.960734,,,1490.960734,,0,0,1540.960734,1
Canada,European Play-Off A,"FIFA World Cup, 1-round, group stage, 12.06.2026 15:00",12.06.2026,6/12/2026,,,,,,,,,,,,,#VALUE!,#VALUE!,,,,,,,,,,,,,,,,,,,,,,,,,,,,,,,,,,,,,,,,,,,,,,,,,FALSE,,,,,,,,,,,,12/13/2025,1802,0,,1490.960734,,311.0392658,311.0392658,1852,1.208616672
USA,Paraguay,"FIFA World Cup, 1-round, group stage, 12.06.2026 21:00",12.06.2026,6/12/2026,,,10,10,206,206,7,4,1,3,2,3,22,15,19,11,12,10,1.9,1.1,1.2,1,1,4,8,4,7,4,3,6,13,10.7,10.1,8.9,5.7,3.8,4.1,3.3,56.2,37.8,43.8,61,4.9,4.4,5.3,5.2,11.3,13.2,11.2,11.8,1.8,1.78,1.6,1.33,1.7,1.6,1.7,1.4,0,0.1,0.2,0.1,TRUE,9,2:02,"['1:3', '2:2']",5,2,12,7,1.33,0.78,,,,1490.960734,,12/13/2025,1833,0,-342.0392658,342.0392658,1540.960734,0.8133992
USA,Paraguay,"FIFA World Cup, 1-round, group stage, 12.06.2026 21:00",12.06.2026,6/12/2026,,,10,10,206,206,7,4,1,3,2,3,22,15,19,11,12,10,1.9,1.1,1.2,1,1,4,8,4,7,4,3,6,13,10.7,10.1,8.9,5.7,3.8,4.1,3.3,56.2,37.8,43.8,61,4.9,4.4,5.3,5.2,11.3,13.2,11.2,11.8,1.8,1.78,1.6,1.33,1.7,1.6,1.7,1.4,0,0.1,0.2,0.1,TRUE,9,2:02,"['1:3', '2:2']",5,2,12,7,1.33,0.78,,,,1490.960734,,12/13/2025,1833,0,-342.0392658,342.0392658,1540.960734,0.8133992
Brazil,Morocco,"FIFA World Cup, 1-round, group stage, 13.06.2026 18:00",13.06.2026,6/13/2026,,,10,10,207.1,150,5,9,2,1,3,0,17,28,17,17,10,3,1.7,1.7,1,0.3,5,8,4,2,5,3,5,7,12.4,13.6,9.7,6.8,4.4,5.6,3.4,1.3,58.5,55.4,41.5,44.6,4.5,5.4,4,2,12,14.22,14.7,15.67,1.25,2.44,2.75,1.22,1.7,1.5,1.6,2.5,0,0.1,0,0,TRUE,3,,"['2:1', '3:0']",2,1,6,2,2,0.67,,,12/13/2025,1979,0,12/13/2025,1830,0,149,149,2029,1.081420765
Haiti,Scotland,"FIFA World Cup, 1-round, group stage, 13.06.2026 21:00",13.06.2026,6/13/2026,,,10,10,207,207.2,3,6,3,1,4,3,12,19,12,19,15,13,1.2,1.9,1.5,1.3,4,4,4,5,5,7,5,3,11.5,11.8,12.5,14,4.2,4.7,5,3.4,50.4,49.7,49.6,50.3,4.7,4.9,4.1,4.9,13.44,12.3,10.78,12.9,1.67,1.2,1.56,1.1,1.7,1.7,1.4,2.2,0.1,0,0,0.2,FALSE,,,,,,,,,,,,12/13/2025,1542,0,12/13/2025,1790,0,-248,248,1592,0.861452514
Haiti,Scotland,"FIFA World Cup, 1-round, group stage, 13.06.2026 21:00",13.06.2026,6/13/2026,,,10,10,207,207.2,3,6,3,1,4,3,12,19,12,19,15,13,1.2,1.9,1.5,1.3,4,4,4,5,5,7,5,3,11.5,11.8,12.5,14,4.2,4.7,5,3.4,50.4,49.7,49.6,50.3,4.7,4.9,4.1,4.9,13.44,12.3,10.78,12.9,1.67,1.2,1.56,1.1,1.7,1.7,1.4,2.2,0.1,0,0,0.2,FALSE,,,,,,,,,,,,12/13/2025,1542,0,12/13/2025,1790,0,-248,248,1592,0.861452514
Qatar,Switzerland,"FIFA World Cup, 1-round, group stage, 13.06.2026 15:00",13.06.2026,6/13/2026,,,10,10,188.1,207,1,7,3,3,6,0,6,24,7,26,18,6,0.7,2.6,1.8,0.6,1,5,5,5,6,6,4,4,9.38,10.78,11.25,7.44,3.38,5.11,4.38,1.89,58,59.8,42,40.2,5,5,3.63,3.2,8.14,10.6,12.71,11.4,1.29,1.3,1.29,1,0.75,0.78,1.38,1.89,0.13,0,0.13,0,TRUE,1,,['0:1'],1,0,1,0,1,0,,,12/13/2025,1427,0,12/13/2025,1897,0,-470,470,1477,0.75224038
Brazil,Morocco,"FIFA World Cup, 1-round, group stage, 13.06.2026 18:00",13.06.2026,6/13/2026,,,10,10,207.1,150,5,9,2,1,3,0,17,28,17,17,10,3,1.7,1.7,1,0.3,5,8,4,2,5,3,5,7,12.4,13.6,9.7,6.8,4.4,5.6,3.4,1.3,58.5,55.4,41.5,44.6,4.5,5.4,4,2,12,14.22,14.7,15.67,1.25,2.44,2.75,1.22,1.7,1.5,1.6,2.5,0,0.1,0,0,TRUE,3,,"['2:1', '3:0']",2,1,6,2,2,0.67,,,12/13/2025,1979,0,12/13/2025,1830,0,149,149,2029,1.081420765
Qatar,Switzerland,"FIFA World Cup, 1-round, group stage, 13.06.2026 15:00",13.06.2026,6/13/2026,,,10,10,188.1,207,1,7,3,3,6,0,6,24,7,26,18,6,0.7,2.6,1.8,0.6,1,5,5,5,6,6,4,4,9.38,10.78,11.25,7.44,3.38,5.11,4.38,1.89,58,59.8,42,40.2,5,5,3.63,3.2,8.14,10.6,12.71,11.4,1.29,1.3,1.29,1,0.75,0.78,1.38,1.89,0.13,0,0.13,0,TRUE,1,,['0:1'],1,0,1,0,1,0,,,12/13/2025,1427,0,12/13/2025,1897,0,-470,470,1477,0.75224038
Australia,European Play-Off C,"FIFA World Cup, 1-round, group stage, 13.06.2026 23:59",13.06.2026,6/13/2026,,,,,,,,,,,,,#VALUE!,#VALUE!,,,,,,,,,,,,,,,,,,,,,,,,,,,,,,,,,,,,,,,,,,,,,,,,,FALSE,,,,,,,,,,,,12/13/2025,1774,0,,1490.960734,,283.0392658,283.0392658,1824,1.189836834
European Play-Off B,Tunisia,"FIFA World Cup, 1-round, group stage, 14.06.2026 22:00",14.06.2026,6/14/2026,,,,,,,,,,,,,#VALUE!,#VALUE!,,,,,,,,,,,,,,,,,,,,,,,,,,,,,,,,,,,,,,,,,,,,,,,,,FALSE,,,,,,,,,,,,,1490.960734,,12/13/2025,1641,0,-150.0392658,150.0392658,1540.960734,0.908568394
Netherlands,Japan,"FIFA World Cup, 1-round, group stage, 14.06.2026 16:00",14.06.2026,6/14/2026,,,10,10,209,208.4,6,7,3,2,1,1,21,23,32,25,9,7,3.2,2.5,0.9,0.7,5,6,5,3,7,5,3,5,16.5,13.3,9.1,8.5,6.5,6,3.4,2.6,61.9,53,38.1,47,5.6,5.1,2.3,2.6,10.5,13.9,11.7,10.3,1.7,1.4,1.5,1.5,0.9,1,2,0.8,0.1,0,0,0.1,TRUE,3,2:02,['2:2'],2,0,6,2,2,0.67,,,12/13/2025,1959,0,12/13/2025,1878,0,81,81,2009,1.04313099
Germany,Curaçao,"FIFA World Cup, 1-round, group stage, 14.06.2026 13:00",14.06.2026,6/14/2026,,,10,10,208.9,207.7,6,4,1,5,3,1,19,17,22,20,11,7,2.2,2,1.1,0.7,4,5,4,5,6,4,4,6,16.4,12.1,9.2,11.4,6,5.3,3.6,3.7,66.6,51.7,33.4,48.3,6.1,3.7,4.1,4,12.7,13.44,10.6,14,1.4,1.67,0.6,1.11,1.9,1.9,2.3,2.1,0,0,0.1,0.1,FALSE,,,,,,,,,,,,12/13/2025,1910,0,12/13/2025,1467,0,443,443,1960,1.301976823
Ivory Coast,Ecuador,"FIFA World Cup, 1-round, group stage, 14.06.2026 19:00",14.06.2026,6/14/2026,,,10,10,155.2,207.9,6,3,2,7,2,0,20,16,22,7,7,3,2.2,0.7,0.7,0.3,6,7,3,3,5,1,5,9,11.5,9.7,5.3,8.9,3.7,3.6,1.9,3,59.1,54.3,40.9,45.7,4.9,3.3,2.5,4.3,14.86,13,11.14,11.2,0.75,1.7,0.25,1.1,1.1,2,1.4,1.8,0,0.2,0,0.2,FALSE,,,,,,,,,,,,,1490.960734,,12/13/2025,1933,0,-442.0392658,442.0392658,1540.960734,0.771319573
Ivory Coast,Ecuador,"FIFA World Cup, 1-round, group stage, 14.06.2026 19:00",14.06.2026,6/14/2026,,,10,10,155.2,207.9,6,3,2,7,2,0,20,16,22,7,7,3,2.2,0.7,0.7,0.3,6,7,3,3,5,1,5,9,11.5,9.7,5.3,8.9,3.7,3.6,1.9,3,59.1,54.3,40.9,45.7,4.9,3.3,2.5,4.3,14.86,13,11.14,11.2,0.75,1.7,0.25,1.1,1.1,2,1.4,1.8,0,0.2,0,0.2,FALSE,,,,,,,,,,,,,1490.960734,,12/13/2025,1933,0,-442.0392658,442.0392658,1540.960734,0.771319573
Netherlands,Japan,"FIFA World Cup, 1-round, group stage, 14.06.2026 16:00",14.06.2026,6/14/2026,,,10,10,209,208.4,6,7,3,2,1,1,21,23,32,25,9,7,3.2,2.5,0.9,0.7,5,6,5,3,7,5,3,5,16.5,13.3,9.1,8.5,6.5,6,3.4,2.6,61.9,53,38.1,47,5.6,5.1,2.3,2.6,10.5,13.9,11.7,10.3,1.7,1.4,1.5,1.5,0.9,1,2,0.8,0.1,0,0,0.1,TRUE,3,2:02,['2:2'],2,0,6,2,2,0.67,,,12/13/2025,1959,0,12/13/2025,1878,0,81,81,2009,1.04313099
Germany,Curaçao,"FIFA World Cup, 1-round, group stage, 14.06.2026 13:00",14.06.2026,6/14/2026,,,10,10,208.9,207.7,6,4,1,5,3,1,19,17,22,20,11,7,2.2,2,1.1,0.7,4,5,4,5,6,4,4,6,16.4,12.1,9.2,11.4,6,5.3,3.6,3.7,66.6,51.7,33.4,48.3,6.1,3.7,4.1,4,12.7,13.44,10.6,14,1.4,1.67,0.6,1.11,1.9,1.9,2.3,2.1,0,0,0.1,0.1,FALSE,,,,,,,,,,,,12/13/2025,1910,0,12/13/2025,1467,0,443,443,1960,1.301976823
Spain,Cape Verde,"FIFA World Cup, 1-round, group stage, 15.06.2026 12:00",15.06.2026,6/15/2026,,,10,10,208.8,210,7,5,2,3,1,2,23,18,33,17,13,7,3.3,1.7,1.3,0.7,5,5,5,5,9,4,1,6,20.3,9.5,9.5,7.88,8.7,3.63,3.7,3.5,64.1,53.78,35.9,46.22,5.9,3.67,2.9,3.67,11.6,11.4,9.6,8,2.3,2.17,1.8,0.83,1.4,1.63,1.6,1.88,0,0,0.1,0,FALSE,,,,,,,,,,,,12/13/2025,2171,0,,1490.960734,,680.0392658,680.0392658,2221,1.456108099
Belgium,Egypt,"FIFA World Cup, 1-round, group stage, 15.06.2026 15:00",15.06.2026,6/15/2026,,,10,10,209,149.1,6,5,3,2,1,3,21,17,33,12,10,10,3.3,1.2,1,1,5,3,5,5,7,5,3,5,20.5,10.3,6.4,10.7,7.4,4.1,2.7,3.7,66.9,48,33.1,52,9.7,3.7,2.4,4.7,9.7,12.67,10.4,15.44,1.2,2.11,1.1,1.33,1.2,2,2.6,2,0,0.11,0.1,0,TRUE,4,,['4:0'],1,3,4,7,1,1.75,,,12/13/2025,1849,0,12/13/2025,1591,0,258,258,1899,1.162162162
Belgium,Egypt,"FIFA World Cup, 1-round, group stage, 15.06.2026 15:00",15.06.2026,6/15/2026,,,10,10,209,149.1,6,5,3,2,1,3,21,17,33,12,10,10,3.3,1.2,1,1,5,3,5,5,7,5,3,5,20.5,10.3,6.4,10.7,7.4,4.1,2.7,3.7,66.9,48,33.1,52,9.7,3.7,2.4,4.7,9.7,12.67,10.4,15.44,1.2,2.11,1.1,1.33,1.2,2,2.6,2,0,0.11,0.1,0,TRUE,4,,['4:0'],1,3,4,7,1,1.75,,,12/13/2025,1849,0,12/13/2025,1591,0,258,258,1899,1.162162162
Saudi Arabia,Uruguay,"FIFA World Cup, 1-round, group stage, 15.06.2026 18:00",15.06.2026,6/15/2026,,,10,10,182.2,208.9,5,4,2,3,3,3,17,15,12,9,10,9,1.2,0.9,1,0.9,2,6,5,2,4,3,6,7,11.2,9.7,5.4,11.5,3.9,2.7,2.4,3.9,60.56,55.5,39.44,44.5,4.3,4.7,2.5,4.5,10,11.7,14,11.5,1.33,0.78,1.56,1.44,1.8,1.8,1.8,1.8,0.2,0.1,0,0.1,TRUE,3,1:01,['3:2'],1,1,4,4,1.33,1.33,,,,1490.960734,,12/13/2025,1890,0,-399.0392658,399.0392658,1540.960734,0.788868113
Iran,New Zealand,"FIFA World Cup, 1-round, group stage, 15.06.2026 21:00",15.06.2026,6/15/2026,,,10,10,209.3,209,5,3,1,1,4,6,16,10,14,15,7,12,1.4,1.5,0.7,1.2,5,3,3,4,5,5,5,5,11.4,7.88,6.2,16.63,4.6,3,1.8,6.13,57.89,43.33,42.11,56.67,5.5,3.25,3,5.38,13.5,11.75,12.25,12.13,1.25,1.38,1.5,1.75,1.3,1.75,2,1,0.2,0,0.2,0,TRUE,2,0:00,['3:0'],1,0,3,0,1.5,0,,,12/13/2025,1754,0,,1490.960734,,263.0392658,263.0392658,1804,1.176422665
Iran,New Zealand,"FIFA World Cup, 1-round, group stage, 15.06.2026 21:00",15.06.2026,6/15/2026,,,10,10,209.3,209,5,3,1,1,4,6,16,10,14,15,7,12,1.4,1.5,0.7,1.2,5,3,3,4,5,5,5,5,11.4,7.88,6.2,16.63,4.6,3,1.8,6.13,57.89,43.33,42.11,56.67,5.5,3.25,3,5.38,13.5,11.75,12.25,12.13,1.25,1.38,1.5,1.75,1.3,1.75,2,1,0.2,0,0.2,0,TRUE,2,0:00,['3:0'],1,0,3,0,1.5,0,,,12/13/2025,1754,0,,1490.960734,,263.0392658,263.0392658,1804,1.176422665
Saudi Arabia,Uruguay,"FIFA World Cup, 1-round, group stage, 15.06.2026 18:00",15.06.2026,6/15/2026,,,10,10,182.2,208.9,5,4,2,3,3,3,17,15,12,9,10,9,1.2,0.9,1,0.9,2,6,5,2,4,3,6,7,11.2,9.7,5.4,11.5,3.9,2.7,2.4,3.9,60.56,55.5,39.44,44.5,4.3,4.7,2.5,4.5,10,11.7,14,11.5,1.33,0.78,1.56,1.44,1.8,1.8,1.8,1.8,0.2,0.1,0,0.1,TRUE,3,1:01,['3:2'],1,1,4,4,1.33,1.33,,,,1490.960734,,12/13/2025,1890,0,-399.0392658,399.0392658,1540.960734,0.788868113
Spain,Cape Verde,"FIFA World Cup, 1-round, group stage, 15.06.2026 12:00",15.06.2026,6/15/2026,,,10,10,208.8,210,7,5,2,3,1,2,23,18,33,17,13,7,3.3,1.7,1.3,0.7,5,5,5,5,9,4,1,6,20.3,9.5,9.5,7.88,8.7,3.63,3.7,3.5,64.1,53.78,35.9,46.22,5.9,3.67,2.9,3.67,11.6,11.4,9.6,8,2.3,2.17,1.8,0.83,1.4,1.63,1.6,1.88,0,0,0.1,0,FALSE,,,,,,,,,,,,12/13/2025,2171,0,,1490.960734,,680.0392658,680.0392658,2221,1.456108099
Austria,Jordan,"FIFA World Cup, 1-round, group stage, 16.06.2026 23:59",16.06.2026,6/16/2026,,,10,10,210.3,180.5,6,5,2,1,2,4,20,16,23,16,7,13,2.3,1.6,0.7,1.3,4,4,4,5,4,6,6,4,14.3,10.8,9.7,13.1,6.3,4.6,2.2,4.4,64.8,41.4,35.2,58.6,4.1,3.9,3.1,5.6,13.4,12.29,10.7,9.14,2.2,1.57,1.3,1,1.7,0.8,1.9,1.4,0.2,0.1,0,0.2,FALSE,,,,,,,,,,,,12/13/2025,1818,0,12/13/2025,1687,0,131,131,1868,1.077652638
Austria,Jordan,"FIFA World Cup, 1-round, group stage, 16.06.2026 23:59",16.06.2026,6/16/2026,,,10,10,210.3,180.5,6,5,2,1,2,4,20,16,23,16,7,13,2.3,1.6,0.7,1.3,4,4,4,5,4,6,6,4,14.3,10.8,9.7,13.1,6.3,4.6,2.2,4.4,64.8,41.4,35.2,58.6,4.1,3.9,3.1,5.6,13.4,12.29,10.7,9.14,2.2,1.57,1.3,1,1.7,0.8,1.9,1.4,0.2,0.1,0,0.2,FALSE,,,,,,,,,,,,12/13/2025,1818,0,12/13/2025,1687,0,131,131,1868,1.077652638
Argentina,Algeria,"FIFA World Cup, 1-round, group stage, 16.06.2026 21:00",16.06.2026,6/16/2026,,,10,10,214.4,157.4,8,7,1,1,1,2,25,22,21,18,3,5,2.1,1.8,0.3,0.5,7,6,2,3,3,3,7,7,13.44,9.5,6.67,7.3,5.78,4.1,2.33,2.1,63.22,54.67,36.78,45.33,4.89,4.7,2.22,3.7,11.67,17.33,11.67,14.33,3.14,2.11,1.57,1.67,1.67,2.1,2.67,2.2,0.33,0.1,0.11,0.2,TRUE,1,,['3:4'],1,0,4,3,4,3,,,12/13/2025,2113,0,12/13/2025,1726,0,387,387,2163,1.224217845
France,Senegal,"FIFA World Cup, 1-round, group stage, 16.06.2026 15:00",16.06.2026,6/16/2026,,,10,10,212.1,153.1,7,8,1,1,2,1,22,25,24,29,11,4,2.4,2.9,1.1,0.4,5,7,4,2,6,6,4,4,21.4,13.78,7.2,6.56,7.7,7.22,2.6,2.56,63.6,62.22,36.4,37.78,7.8,5.56,2.3,3.11,10.8,16,13.7,12.57,0.8,1.57,1.7,1.86,1.6,1.89,2,1.67,0.1,0.11,0,0.11,TRUE,1,,['0:1'],0,1,0,1,0,1,,,12/13/2025,2062,0,12/13/2025,1803,0,259,259,2112,1.143649473
FIFA Play-Off Tournament 2,Norway,"FIFA World Cup, 1-round, group stage, 16.06.2026 18:00",16.06.2026,6/16/2026,,,,,,,,,,,,,#VALUE!,#VALUE!,,,,,,,,,,,,,,,,,,,,,,,,,,,,,,,,,,,,,,,,,,,,,,,,,FALSE,,,,,,,,,,,,,1490.960734,,12/13/2025,1922,0,-431.0392658,431.0392658,1540.960734,0.775733993
France,Senegal,"FIFA World Cup, 1-round, group stage, 16.06.2026 15:00",16.06.2026,6/16/2026,,,10,10,212.1,153.1,7,8,1,1,2,1,22,25,24,29,11,4,2.4,2.9,1.1,0.4,5,7,4,2,6,6,4,4,21.4,13.78,7.2,6.56,7.7,7.22,2.6,2.56,63.6,62.22,36.4,37.78,7.8,5.56,2.3,3.11,10.8,16,13.7,12.57,0.8,1.57,1.7,1.86,1.6,1.89,2,1.67,0.1,0.11,0,0.11,TRUE,1,,['0:1'],0,1,0,1,0,1,,,12/13/2025,2062,0,12/13/2025,1803,0,259,259,2112,1.143649473
Argentina,Algeria,"FIFA World Cup, 1-round, group stage, 16.06.2026 21:00",16.06.2026,6/16/2026,,,10,10,214.4,157.4,8,7,1,1,1,2,25,22,21,18,3,5,2.1,1.8,0.3,0.5,7,6,2,3,3,3,7,7,13.44,9.5,6.67,7.3,5.78,4.1,2.33,2.1,63.22,54.67,36.78,45.33,4.89,4.7,2.22,3.7,11.67,17.33,11.67,14.33,3.14,2.11,1.57,1.67,1.67,2.1,2.67,2.2,0.33,0.1,0.11,0.2,TRUE,1,,['3:4'],1,0,4,3,4,3,,,12/13/2025,2113,0,12/13/2025,1726,0,387,387,2163,1.224217845
Uzbekistan,Colombia,"FIFA World Cup, 1-round, group stage, 17.06.2026 22:00",17.06.2026,6/17/2026,,,10,10,211.4,211,7,5,2,4,1,1,23,19,16,22,4,9,1.6,2.2,0.4,0.9,7,5,3,5,4,7,6,3,9.2,12.2,7.5,9.7,3.1,5.1,3.1,3.5,51.1,57.5,48.9,42.5,2.9,3.6,3.4,3.2,9.5,15.2,10.75,12.6,2,1.8,1.67,1.7,0.9,1.1,1.3,2,0.2,0,0.2,0.1,FALSE,,,,,,,,,,,,12/13/2025,1735,0,12/13/2025,1998,0,-263,263,1785,0.868368368
Portugal,FIFA Play-Off Tournament 1,"FIFA World Cup, 1-round, group stage, 17.06.2026 13:00",17.06.2026,6/17/2026,,,,,,,,,,,,,#VALUE!,#VALUE!,,,,,,,,,,,,,,,,,,,,,,,,,,,,,,,,,,,,,,,,,,,,,,,,,FALSE,,,,,,,,,,,,12/13/2025,1976,0,,1490.960734,,485.0392658,485.0392658,2026,1.325319946
Uzbekistan,Colombia,"FIFA World Cup, 1-round, group stage, 17.06.2026 22:00",17.06.2026,6/17/2026,,,10,10,211.4,211,7,5,2,4,1,1,23,19,16,22,4,9,1.6,2.2,0.4,0.9,7,5,3,5,4,7,6,3,9.2,12.2,7.5,9.7,3.1,5.1,3.1,3.5,51.1,57.5,48.9,42.5,2.9,3.6,3.4,3.2,9.5,15.2,10.75,12.6,2,1.8,1.67,1.7,0.9,1.1,1.3,2,0.2,0,0.2,0.1,FALSE,,,,,,,,,,,,12/13/2025,1735,0,12/13/2025,1998,0,-263,263,1785,0.868368368
England,Croatia,"FIFA World Cup, 1-round, group stage, 17.06.2026 16:00",17.06.2026,6/17/2026,,,10,10,213.1,212,9,8,0,1,1,1,27,25,26,28,3,6,2.6,2.8,0.3,0.6,9,6,1,3,5,6,5,4,17.7,19.4,5.7,9.8,7.2,7.2,1.8,3.4,72.1,63.7,27.9,36.3,7.3,7.7,2.2,5,9.8,10.7,10.9,11.6,1.7,2.5,1.1,1.8,1,1.2,1.3,1.6,0,0,0.1,0.1,TRUE,11,0:00,"['5:1', '2:4']",6,3,22,13,2,1.18,,,12/13/2025,2042,0,12/13/2025,1933,0,109,109,2092,1.056389033
Ghana,Panama,"FIFA World Cup, 1-round, group stage, 17.06.2026 19:00",17.06.2026,6/17/2026,,,10,10,211.5,210.9,6,6,1,3,3,1,19,21,21,20,6,8,2.1,2,0.6,0.8,6,4,2,6,5,4,5,6,9.1,16.4,6.2,10.6,4.5,6.1,2.3,3.3,58.8,62.7,41.2,37.3,4.8,6.3,2.4,3.4,11.88,13.2,10.75,12.4,2.43,1.3,0.57,2.1,1.1,1.2,1.4,1.9,0,0,0,0,FALSE,,,,,,,,,,,,12/13/2025,1509,0,12/13/2025,1742,0,-233,233,1559,0.866245695
England,Croatia,"FIFA World Cup, 1-round, group stage, 17.06.2026 16:00",17.06.2026,6/17/2026,,,10,10,213.1,212,9,8,0,1,1,1,27,25,26,28,3,6,2.6,2.8,0.3,0.6,9,6,1,3,5,6,5,4,17.7,19.4,5.7,9.8,7.2,7.2,1.8,3.4,72.1,63.7,27.9,36.3,7.3,7.7,2.2,5,9.8,10.7,10.9,11.6,1.7,2.5,1.1,1.8,1,1.2,1.3,1.6,0,0,0.1,0.1,TRUE,11,0:00,"['5:1', '2:4']",6,3,22,13,2,1.18,,,12/13/2025,2042,0,12/13/2025,1933,0,109,109,2092,1.056389033
Ghana,Panama,"FIFA World Cup, 1-round, group stage, 17.06.2026 19:00",17.06.2026,6/17/2026,,,10,10,211.5,210.9,6,6,1,3,3,1,19,21,21,20,6,8,2.1,2,0.6,0.8,6,4,2,6,5,4,5,6,9.1,16.4,6.2,10.6,4.5,6.1,2.3,3.3,58.8,62.7,41.2,37.3,4.8,6.3,2.4,3.4,11.88,13.2,10.75,12.4,2.43,1.3,0.57,2.1,1.1,1.2,1.4,1.9,0,0,0,0,FALSE,,,,,,,,,,,,12/13/2025,1509,0,12/13/2025,1742,0,-233,233,1559,0.866245695
European Play-Off D,South Africa,"FIFA World Cup, 2-round, group stage, 18.06.2026 12:00",18.06.2026,6/18/2026,,,,,,,,,,,,,#VALUE!,#VALUE!,,,,,,,,,,,,,,,,,,,,,,,,,,,,,,,,,,,,,,,,,,,,,,,,,FALSE,,,,,,,,,,,,,1490.960734,,,1490.960734,,0,0,1540.960734,1
Canada,Qatar,"FIFA World Cup, 2-round, group stage, 18.06.2026 18:00",18.06.2026,6/18/2026,,,10,10,211.8,193.2,5,1,3,3,2,6,18,6,16,7,3,18,1.6,0.7,0.3,1.8,7,1,2,5,2,6,8,4,10.7,9.38,6.7,11.25,4,3.38,2,4.38,48.9,58,51.1,42,5.1,5,2.4,3.63,13.6,8.14,16.7,12.71,2,1.29,1.3,1.29,2.2,0.75,2.1,1.38,0.3,0.13,0.3,0.13,TRUE,1,,['2:0'],1,0,2,0,2,0,,,12/13/2025,1802,0,12/13/2025,1427,0,375,375,1852,1.262789068
Canada,Qatar,"FIFA World Cup, 2-round, group stage, 18.06.2026 18:00",18.06.2026,6/18/2026,,,10,10,211.8,193.2,5,1,3,3,2,6,18,6,16,7,3,18,1.6,0.7,0.3,1.8,7,1,2,5,2,6,8,4,10.7,9.38,6.7,11.25,4,3.38,2,4.38,48.9,58,51.1,42,5.1,5,2.4,3.63,13.6,8.14,16.7,12.71,2,1.29,1.3,1.29,2.2,0.75,2.1,1.38,0.3,0.13,0.3,0.13,TRUE,1,,['2:0'],1,0,2,0,2,0,,,12/13/2025,1802,0,12/13/2025,1427,0,375,375,1852,1.262789068
Switzerland,European Play-Off A,"FIFA World Cup, 2-round, group stage, 18.06.2026 15:00",18.06.2026,6/18/2026,,,,,,,,,,,,,#VALUE!,#VALUE!,,,,,,,,,,,,,,,,,,,,,,,,,,,,,,,,,,,,,,,,,,,,,,,,,FALSE,,,,,,,,,,,,12/13/2025,1897,0,,1490.960734,,406.0392658,406.0392658,1947,1.272333977
Mexico,South Korea,"FIFA World Cup, 2-round, group stage, 18.06.2026 21:00",18.06.2026,6/18/2026,,,10,10,212,212.6,3,7,5,1,2,2,14,22,9,18,10,8,0.9,1.8,1,0.8,5,7,4,1,4,4,6,6,12,11.3,7.5,9,4.1,4.2,3,2.5,58.8,57.1,42,42.9,3.8,5.7,2.6,2.6,14.1,12.8,14.3,9.7,0.8,1.8,1,1.6,2.2,1.1,2.6,1.3,0.1,0,0,0,TRUE,8,2:02,['3:2'],4,2,15,9,1.88,1.13,,,12/13/2025,1835,0,,1490.960734,,344.0392658,344.0392658,1885,1.230750051
Mexico,South Korea,"FIFA World Cup, 2-round, group stage, 18.06.2026 21:00",18.06.2026,6/18/2026,,,10,10,212,212.6,3,7,5,1,2,2,14,22,9,18,10,8,0.9,1.8,1,0.8,5,7,4,1,4,4,6,6,12,11.3,7.5,9,4.1,4.2,3,2.5,58.8,57.1,42,42.9,3.8,5.7,2.6,2.6,14.1,12.8,14.3,9.7,0.8,1.8,1,1.6,2.2,1.1,2.6,1.3,0.1,0,0,0,TRUE,8,2:02,['3:2'],4,2,15,9,1.88,1.13,,,12/13/2025,1835,0,,1490.960734,,344.0392658,344.0392658,1885,1.230750051
European Play-Off C,Paraguay,"FIFA World Cup, 2-round, group stage, 19.06.2026 23:59",19.06.2026,6/19/2026,,,,,,,,,,,,,#VALUE!,#VALUE!,,,,,,,,,,,,,,,,,,,,,,,,,,,,,,,,,,,,,,,,,,,,,,,,,FALSE,,,,,,,,,,,,,1490.960734,,12/13/2025,1833,0,-342.0392658,342.0392658,1540.960734,0.8133992
Brazil,Haiti,"FIFA World Cup, 2-round, group stage, 19.06.2026 21:00",19.06.2026,6/19/2026,,,10,10,213.2,213,5,3,2,3,3,4,17,12,17,12,10,15,1.7,1.2,1,1.5,5,4,4,4,5,5,5,5,12.4,11.5,9.7,12.5,4.4,4.2,3.4,5,58.5,50.4,41.5,49.6,4.5,4.7,4,4.1,12,13.44,14.7,10.78,1.25,1.67,2.75,1.56,1.7,1.7,1.6,1.4,0,0.1,0,0,TRUE,3,,['7:1'],3,0,17,1,5.67,0.33,,,12/13/2025,1979,0,12/13/2025,1542,0,437,437,2029,1.283398184
USA,Australia,"FIFA World Cup, 2-round, group stage, 19.06.2026 15:00",19.06.2026,6/19/2026,,,10,10,212.8,212.7,7,7,1,0,2,3,22,21,19,16,12,9,1.9,1.6,1.2,0.9,1,4,8,4,7,5,3,5,13,6.8,10.1,10.9,5.7,3.3,4.1,4.3,56.2,39.2,43.8,58,4.9,2.2,5.3,4.7,11.3,9.7,11.2,11.1,1.8,1,1.6,1.7,1.7,0.8,1.7,1.2,0,0,0.2,0,TRUE,4,0:00,['3:1'],2,1,5,3,1.25,0.75,,,,1490.960734,,12/13/2025,1774,0,-283.0392658,283.0392658,1540.960734,0.840451372
Scotland,Morocco,"FIFA World Cup, 2-round, group stage, 19.06.2026 18:00",19.06.2026,6/19/2026,,,10,10,213.1,156,6,9,1,1,3,0,19,28,19,17,13,3,1.9,1.7,1.3,0.3,4,8,5,2,7,3,3,7,11.8,13.6,14,6.8,4.7,5.6,3.4,1.3,49.7,55.4,50.3,44.6,4.9,5.4,4.9,2,12.3,14.22,12.9,15.67,1.2,2.44,1.1,1.22,1.7,1.5,2.2,2.5,0,0.1,0.2,0,TRUE,1,,['0:3'],0,1,0,3,0,3,,,12/13/2025,1790,0,12/13/2025,1830,0,-40,40,1840,0.978142077
USA,Australia,"FIFA World Cup, 2-round, group stage, 19.06.2026 15:00",19.06.2026,6/19/2026,,,10,10,212.8,212.7,7,7,1,0,2,3,22,21,19,16,12,9,1.9,1.6,1.2,0.9,1,4,8,4,7,5,3,5,13,6.8,10.1,10.9,5.7,3.3,4.1,4.3,56.2,39.2,43.8,58,4.9,2.2,5.3,4.7,11.3,9.7,11.2,11.1,1.8,1,1.6,1.7,1.7,0.8,1.7,1.2,0,0,0.2,0,TRUE,4,0:00,['3:1'],2,1,5,3,1.25,0.75,,,,1490.960734,,12/13/2025,1774,0,-283.0392658,283.0392658,1540.960734,0.840451372
Scotland,Morocco,"FIFA World Cup, 2-round, group stage, 19.06.2026 18:00",19.06.2026,6/19/2026,,,10,10,213.1,156,6,9,1,1,3,0,19,28,19,17,13,3,1.9,1.7,1.3,0.3,4,8,5,2,7,3,3,7,11.8,13.6,14,6.8,4.7,5.6,3.4,1.3,49.7,55.4,50.3,44.6,4.9,5.4,4.9,2,12.3,14.22,12.9,15.67,1.2,2.44,1.1,1.22,1.7,1.5,2.2,2.5,0,0.1,0.2,0,TRUE,1,,['0:3'],0,1,0,3,0,3,,,12/13/2025,1790,0,12/13/2025,1830,0,-40,40,1840,0.978142077
Brazil,Haiti,"FIFA World Cup, 2-round, group stage, 19.06.2026 21:00",19.06.2026,6/19/2026,,,10,10,213.2,213,5,3,2,3,3,4,17,12,17,12,10,15,1.7,1.2,1,1.5,5,4,4,4,5,5,5,5,12.4,11.5,9.7,12.5,4.4,4.2,3.4,5,58.5,50.4,41.5,49.6,4.5,4.7,4,4.1,12,13.44,14.7,10.78,1.25,1.67,2.75,1.56,1.7,1.7,1.6,1.4,0,0.1,0,0,TRUE,3,,['7:1'],3,0,17,1,5.67,0.33,,,12/13/2025,1979,0,12/13/2025,1542,0,437,437,2029,1.283398184
Ecuador,Curaçao,"FIFA World Cup, 2-round, group stage, 20.06.2026 20:00",20.06.2026,6/20/2026,,,10,10,213.9,214,3,4,7,5,0,1,16,17,7,20,3,7,0.7,2,0.3,0.7,7,5,3,5,1,4,9,6,9.7,12.1,8.9,11.4,3.6,5.3,3,3.7,54.3,51.7,45.7,48.3,3.3,3.7,4.3,4,13,13.44,11.2,14,1.7,1.67,1.1,1.11,2,1.9,1.8,2.1,0.2,0,0.2,0.1,FALSE,,,,,,,,,,,,12/13/2025,1933,0,12/13/2025,1467,0,466,466,1983,1.317655078
Tunisia,Japan,"FIFA World Cup, 2-round, group stage, 20.06.2026 23:59",20.06.2026,6/20/2026,,,10,10,168.3,214.7,4,7,3,2,3,1,15,23,18,25,13,7,1.8,2.5,1.3,0.7,1,6,8,3,6,5,4,5,11.56,13.3,10.78,8.5,4.33,6,2.89,2.6,52,53,48,47,5.44,5.1,4.33,2.6,16.38,13.9,11.38,10.3,1.63,1.4,0.75,1.5,1.67,1,1.78,0.8,0.11,0,0.22,0.1,TRUE,6,,['0:3'],1,5,3,8,0.5,1.33,,,12/13/2025,1641,0,12/13/2025,1878,0,-237,237,1691,0.873801917
Ecuador,Curaçao,"FIFA World Cup, 2-round, group stage, 20.06.2026 20:00",20.06.2026,6/20/2026,,,10,10,213.9,214,3,4,7,5,0,1,16,17,7,20,3,7,0.7,2,0.3,0.7,7,5,3,5,1,4,9,6,9.7,12.1,8.9,11.4,3.6,5.3,3,3.7,54.3,51.7,45.7,48.3,3.3,3.7,4.3,4,13,13.44,11.2,14,1.7,1.67,1.1,1.11,2,1.9,1.8,2.1,0.2,0,0.2,0.1,FALSE,,,,,,,,,,,,12/13/2025,1933,0,12/13/2025,1467,0,466,466,1983,1.317655078
Tunisia,Japan,"FIFA World Cup, 2-round, group stage, 20.06.2026 23:59",20.06.2026,6/20/2026,,,10,10,168.3,214.7,4,7,3,2,3,1,15,23,18,25,13,7,1.8,2.5,1.3,0.7,1,6,8,3,6,5,4,5,11.56,13.3,10.78,8.5,4.33,6,2.89,2.6,52,53,48,47,5.44,5.1,4.33,2.6,16.38,13.9,11.38,10.3,1.63,1.4,0.75,1.5,1.67,1,1.78,0.8,0.11,0,0.22,0.1,TRUE,6,,['0:3'],1,5,3,8,0.5,1.33,,,12/13/2025,1641,0,12/13/2025,1878,0,-237,237,1691,0.873801917
Netherlands,European Play-Off B,"FIFA World Cup, 2-round, group stage, 20.06.2026 13:00",20.06.2026,6/20/2026,,,,,,,,,,,,,#VALUE!,#VALUE!,,,,,,,,,,,,,,,,,,,,,,,,,,,,,,,,,,,,,,,,,,,,,,,,,FALSE,,,,,,,,,,,,12/13/2025,1959,0,,1490.960734,,468.0392658,468.0392658,2009,1.313917902
Germany,Ivory Coast,"FIFA World Cup, 2-round, group stage, 20.06.2026 16:00",20.06.2026,6/20/2026,,,10,10,215,161,6,6,1,2,3,2,19,20,22,22,11,7,2.2,2.2,1.1,0.7,4,6,4,3,6,5,4,5,16.4,11.5,9.2,5.3,6,3.7,3.6,1.9,66.6,59.1,33.4,40.9,6.1,4.9,4.1,2.5,12.7,14.86,10.6,11.14,1.4,0.75,0.6,0.25,1.9,1.1,2.3,1.4,0,0,0.1,0,TRUE,1,2:02,['2:2'],,,2,2,2,2,,,12/13/2025,1910,0,,1490.960734,,419.0392658,419.0392658,1960,1.281053187
Germany,Ivory Coast,"FIFA World Cup, 2-round, group stage, 20.06.2026 16:00",20.06.2026,6/20/2026,,,10,10,215,161,6,6,1,2,3,2,19,20,22,22,11,7,2.2,2.2,1.1,0.7,4,6,4,3,6,5,4,5,16.4,11.5,9.2,5.3,6,3.7,3.6,1.9,66.6,59.1,33.4,40.9,6.1,4.9,4.1,2.5,12.7,14.86,10.6,11.14,1.4,0.75,0.6,0.25,1.9,1.1,2.3,1.4,0,0,0.1,0,TRUE,1,2:02,['2:2'],,,2,2,2,2,,,12/13/2025,1910,0,,1490.960734,,419.0392658,419.0392658,1960,1.281053187
Uruguay,Cape Verde,"FIFA World Cup, 2-round, group stage, 21.06.2026 18:00",21.06.2026,6/21/2026,,,10,10,214.9,216.2,4,5,3,3,3,2,15,18,9,17,9,7,0.9,1.7,0.9,0.7,6,5,2,5,3,4,7,6,9.7,9.5,11.5,7.88,2.7,3.63,3.9,3.5,55.5,53.78,44.5,46.22,4.7,3.67,4.5,3.67,11.7,11.4,11.5,8,0.78,2.17,1.44,0.83,1.8,1.63,1.8,1.88,0.1,0,0.1,0,FALSE,,,,,,,,,,,,12/13/2025,1890,0,,1490.960734,,399.0392658,399.0392658,1940,1.267639017
Spain,Saudi Arabia,"FIFA World Cup, 2-round, group stage, 21.06.2026 12:00",21.06.2026,6/21/2026,,,10,10,214.8,187.9,7,5,2,2,1,3,23,17,33,12,13,10,3.3,1.2,1.3,1,5,2,5,5,9,4,1,6,20.3,11.2,9.5,5.4,8.7,3.9,3.7,2.4,64.1,60.56,35.9,39.44,5.9,4.3,2.9,2.5,11.6,10,9.6,14,2.3,1.33,1.8,1.56,1.4,1.8,1.6,1.8,0,0.2,0.1,0,TRUE,3,,"['5:0', '3:2']",3,0,9,2,3,0.67,,,12/13/2025,2171,0,,1490.960734,,680.0392658,680.0392658,2221,1.456108099
Spain,Saudi Arabia,"FIFA World Cup, 2-round, group stage, 21.06.2026 12:00",21.06.2026,6/21/2026,,,10,10,214.8,187.9,7,5,2,2,1,3,23,17,33,12,13,10,3.3,1.2,1.3,1,5,2,5,5,9,4,1,6,20.3,11.2,9.5,5.4,8.7,3.9,3.7,2.4,64.1,60.56,35.9,39.44,5.9,4.3,2.9,2.5,11.6,10,9.6,14,2.3,1.33,1.8,1.56,1.4,1.8,1.6,1.8,0,0.2,0.1,0,TRUE,3,,"['5:0', '3:2']",3,0,9,2,3,0.67,,,12/13/2025,2171,0,,1490.960734,,680.0392658,680.0392658,2221,1.456108099
Belgium,Iran,"FIFA World Cup, 2-round, group stage, 21.06.2026 15:00",21.06.2026,6/21/2026,,,10,10,215,215.1,6,5,3,1,1,4,21,16,33,14,10,7,3.3,1.4,1,0.7,5,5,5,3,7,5,3,5,20.5,11.4,6.4,6.2,7.4,4.6,2.7,1.8,66.9,57.89,33.1,42.11,9.7,5.5,2.4,3,9.7,13.5,10.4,12.25,1.2,1.25,1.1,1.5,1.2,1.3,2.6,2,0,0.2,0.1,0.2,FALSE,,,,,,,,,,,,12/13/2025,1849,0,12/13/2025,1754,0,95,95,1899,1.054161916
Belgium,Iran,"FIFA World Cup, 2-round, group stage, 21.06.2026 15:00",21.06.2026,6/21/2026,,,10,10,215,215.1,6,5,3,1,1,4,21,16,33,14,10,7,3.3,1.4,1,0.7,5,5,5,3,7,5,3,5,20.5,11.4,6.4,6.2,7.4,4.6,2.7,1.8,66.9,57.89,33.1,42.11,9.7,5.5,2.4,3,9.7,13.5,10.4,12.25,1.2,1.25,1.1,1.5,1.2,1.3,2.6,2,0,0.2,0.1,0.2,FALSE,,,,,,,,,,,,12/13/2025,1849,0,12/13/2025,1754,0,95,95,1899,1.054161916
Uruguay,Cape Verde,"FIFA World Cup, 2-round, group stage, 21.06.2026 18:00",21.06.2026,6/21/2026,,,10,10,214.9,216.2,4,5,3,3,3,2,15,18,9,17,9,7,0.9,1.7,0.9,0.7,6,5,2,5,3,4,7,6,9.7,9.5,11.5,7.88,2.7,3.63,3.9,3.5,55.5,53.78,44.5,46.22,4.7,3.67,4.5,3.67,11.7,11.4,11.5,8,0.78,2.17,1.44,0.83,1.8,1.63,1.8,1.88,0.1,0,0.1,0,FALSE,,,,,,,,,,,,12/13/2025,1890,0,,1490.960734,,399.0392658,399.0392658,1940,1.267639017
New Zealand,Egypt,"FIFA World Cup, 2-round, group stage, 21.06.2026 21:00",21.06.2026,6/21/2026,,,10,10,215,155.3,3,5,1,2,6,3,10,17,15,12,12,10,1.5,1.2,1.2,1,3,3,4,5,5,5,5,5,7.88,10.3,16.63,10.7,3,4.1,6.13,3.7,43.33,48,56.67,52,3.25,3.7,5.38,4.7,11.75,12.67,12.13,15.44,1.38,2.11,1.75,1.33,1.75,2,1,2,0,0.11,0,0,TRUE,3,1:01,['1:1'],0,2,1,3,0.33,1,,,,1490.960734,,12/13/2025,1591,0,-100.0392658,100.0392658,1540.960734,0.937121769
New Zealand,Egypt,"FIFA World Cup, 2-round, group stage, 21.06.2026 21:00",21.06.2026,6/21/2026,,,10,10,215,155.3,3,5,1,2,6,3,10,17,15,12,12,10,1.5,1.2,1.2,1,3,3,4,5,5,5,5,5,7.88,10.3,16.63,10.7,3,4.1,6.13,3.7,43.33,48,56.67,52,3.25,3.7,5.38,4.7,11.75,12.67,12.13,15.44,1.38,2.11,1.75,1.33,1.75,2,1,2,0,0.11,0,0,TRUE,3,1:01,['1:1'],0,2,1,3,0.33,1,,,,1490.960734,,12/13/2025,1591,0,-100.0392658,100.0392658,1540.960734,0.937121769
Norway,Senegal,"FIFA World Cup, 2-round, group stage, 22.06.2026 20:00",22.06.2026,6/22/2026,,,10,10,218.2,159.3,9,8,1,1,0,1,28,25,39,29,6,4,3.9,2.9,0.6,0.4,5,7,5,2,7,6,3,4,19.2,13.78,7.2,6.56,7,7.22,2.7,2.56,58.2,62.22,41.8,37.78,5.5,5.56,2.3,3.11,9.5,16,11.3,12.57,1,1.57,1.22,1.86,1,1.89,1,1.67,0,0.11,0,0.11,TRUE,1,,['2:1'],0,1,1,2,1,2,,,12/13/2025,1922,0,12/13/2025,1803,0,119,119,1972,1.066001109
Norway,Senegal,"FIFA World Cup, 2-round, group stage, 22.06.2026 20:00",22.06.2026,6/22/2026,,,10,10,218.2,159.3,9,8,1,1,0,1,28,25,39,29,6,4,3.9,2.9,0.6,0.4,5,7,5,2,7,6,3,4,19.2,13.78,7.2,6.56,7,7.22,2.7,2.56,58.2,62.22,41.8,37.78,5.5,5.56,2.3,3.11,9.5,16,11.3,12.57,1,1.57,1.22,1.86,1,1.89,1,1.67,0,0.11,0,0.11,TRUE,1,,['2:1'],0,1,1,2,1,2,,,12/13/2025,1922,0,12/13/2025,1803,0,119,119,1972,1.066001109
Jordan,Algeria,"FIFA World Cup, 2-round, group stage, 22.06.2026 23:00",22.06.2026,6/22/2026,,,10,10,186.4,163.5,5,7,1,1,4,2,16,22,16,18,13,5,1.6,1.8,1.3,0.5,4,6,5,3,6,3,4,7,10.8,9.5,13.1,7.3,4.6,4.1,4.4,2.1,41.4,54.67,58.6,45.33,3.9,4.7,5.6,3.7,12.29,17.33,9.14,14.33,1.57,2.11,1,1.67,0.8,2.1,1.4,2.2,0.1,0.1,0.2,0.2,TRUE,1,1:01,['1:1'],,,1,1,1,1,,,12/13/2025,1687,0,12/13/2025,1726,0,-39,39,1737,0.977404403
France,FIFA Play-Off Tournament 2,"FIFA World Cup, 2-round, group stage, 22.06.2026 17:00",22.06.2026,6/22/2026,,,,,,,,,,,,,#VALUE!,#VALUE!,,,,,,,,,,,,,,,,,,,,,,,,,,,,,,,,,,,,,,,,,,,,,,,,,FALSE,,,,,,,,,,,,12/13/2025,2062,0,,1490.960734,,571.0392658,571.0392658,2112,1.383000875
Argentina,Austria,"FIFA World Cup, 2-round, group stage, 22.06.2026 13:00",22.06.2026,6/22/2026,,,10,10,220,215.9,8,6,1,2,1,2,25,20,21,23,3,7,2.1,2.3,0.3,0.7,7,4,2,4,3,4,7,6,13.44,14.3,6.67,9.7,5.78,6.3,2.33,2.2,63.22,64.8,36.78,35.2,4.89,4.1,2.22,3.1,11.67,13.4,11.67,10.7,3.14,2.2,1.57,1.3,1.67,1.7,2.67,1.9,0.33,0.2,0.11,0,TRUE,2,1:01,['1:5'],1,0,6,2,3,1,,,12/13/2025,2113,0,12/13/2025,1818,0,295,295,2163,1.162266227
Argentina,Austria,"FIFA World Cup, 2-round, group stage, 22.06.2026 13:00",22.06.2026,6/22/2026,,,10,10,220,215.9,8,6,1,2,1,2,25,20,21,23,3,7,2.1,2.3,0.3,0.7,7,4,2,4,3,4,7,6,13.44,14.3,6.67,9.7,5.78,6.3,2.33,2.2,63.22,64.8,36.78,35.2,4.89,4.1,2.22,3.1,11.67,13.4,11.67,10.7,3.14,2.2,1.57,1.3,1.67,1.7,2.67,1.9,0.33,0.2,0.11,0,TRUE,2,1:01,['1:5'],1,0,6,2,3,1,,,12/13/2025,2113,0,12/13/2025,1818,0,295,295,2163,1.162266227
Jordan,Algeria,"FIFA World Cup, 2-round, group stage, 22.06.2026 23:00",22.06.2026,6/22/2026,,,10,10,186.4,163.5,5,7,1,1,4,2,16,22,16,18,13,5,1.6,1.8,1.3,0.5,4,6,5,3,6,3,4,7,10.8,9.5,13.1,7.3,4.6,4.1,4.4,2.1,41.4,54.67,58.6,45.33,3.9,4.7,5.6,3.7,12.29,17.33,9.14,14.33,1.57,2.11,1,1.67,0.8,2.1,1.4,2.2,0.1,0.1,0.2,0.2,TRUE,1,1:01,['1:1'],,,1,1,1,1,,,12/13/2025,1687,0,12/13/2025,1726,0,-39,39,1737,0.977404403
Portugal,Uzbekistan,"FIFA World Cup, 2-round, group stage, 23.06.2026 13:00",23.06.2026,6/23/2026,,,10,10,219.1,217,7,7,1,2,2,1,22,23,29,16,13,4,2.9,1.6,1.3,0.4,2,7,6,3,7,4,3,6,20,9.2,11.1,7.5,7.1,3.1,4.1,3.1,62.6,51.1,37.4,48.9,6.4,2.9,3.5,3.4,9.6,9.5,10.4,10.75,2.9,2,1.9,1.67,1.9,0.9,2.3,1.3,0.1,0.2,0,0.2,FALSE,,,,,,,,,,,,12/13/2025,1976,0,12/13/2025,1735,0,241,241,2026,1.138904899
England,Ghana,"FIFA World Cup, 2-round, group stage, 23.06.2026 16:00",23.06.2026,6/23/2026,,,10,10,219.1,217.4,9,6,0,1,1,3,27,19,26,21,3,6,2.6,2.1,0.3,0.6,9,6,1,2,5,5,5,5,17.7,9.1,5.7,6.2,7.2,4.5,1.8,2.3,72.1,58.8,27.9,41.2,7.3,4.8,2.2,2.4,9.8,11.88,10.9,10.75,1.7,2.43,1.1,0.57,1,1.1,1.3,1.4,0,0,0.1,0,TRUE,1,1:01,['1:1'],,,1,1,1,1,,,12/13/2025,2042,0,12/13/2025,1509,0,533,533,2092,1.353214049
Portugal,Uzbekistan,"FIFA World Cup, 2-round, group stage, 23.06.2026 13:00",23.06.2026,6/23/2026,,,10,10,219.1,217,7,7,1,2,2,1,22,23,29,16,13,4,2.9,1.6,1.3,0.4,2,7,6,3,7,4,3,6,20,9.2,11.1,7.5,7.1,3.1,4.1,3.1,62.6,51.1,37.4,48.9,6.4,2.9,3.5,3.4,9.6,9.5,10.4,10.75,2.9,2,1.9,1.67,1.9,0.9,2.3,1.3,0.1,0.2,0,0.2,FALSE,,,,,,,,,,,,12/13/2025,1976,0,12/13/2025,1735,0,241,241,2026,1.138904899
Colombia,FIFA Play-Off Tournament 1,"FIFA World Cup, 2-round, group stage, 23.06.2026 22:00",23.06.2026,6/23/2026,,,,,,,,,,,,,#VALUE!,#VALUE!,,,,,,,,,,,,,,,,,,,,,,,,,,,,,,,,,,,,,,,,,,,,,,,,,FALSE,,,,,,,,,,,,12/13/2025,1998,0,,1490.960734,,507.0392658,507.0392658,2048,1.340075533
Panama,Croatia,"FIFA World Cup, 2-round, group stage, 23.06.2026 19:00",23.06.2026,6/23/2026,,,10,10,216.9,218.1,6,8,3,1,1,1,21,25,20,28,8,6,2,2.8,0.8,0.6,4,6,6,3,4,6,6,4,16.4,19.4,10.6,9.8,6.1,7.2,3.3,3.4,62.7,63.7,37.3,36.3,6.3,7.7,3.4,5,13.2,10.7,12.4,11.6,1.3,2.5,2.1,1.8,1.2,1.2,1.9,1.6,0,0,0,0.1,FALSE,,,,,,,,,,,,12/13/2025,1742,0,12/13/2025,1933,0,-191,191,1792,0.90118986
Panama,Croatia,"FIFA World Cup, 2-round, group stage, 23.06.2026 19:00",23.06.2026,6/23/2026,,,10,10,216.9,218.1,6,8,3,1,1,1,21,25,20,28,8,6,2,2.8,0.8,0.6,4,6,6,3,4,6,6,4,16.4,19.4,10.6,9.8,6.1,7.2,3.3,3.4,62.7,63.7,37.3,36.3,6.3,7.7,3.4,5,13.2,10.7,12.4,11.6,1.3,2.5,2.1,1.8,1.2,1.2,1.9,1.6,0,0,0,0.1,FALSE,,,,,,,,,,,,12/13/2025,1742,0,12/13/2025,1933,0,-191,191,1792,0.90118986
England,Ghana,"FIFA World Cup, 2-round, group stage, 23.06.2026 16:00",23.06.2026,6/23/2026,,,10,10,219.1,217.4,9,6,0,1,1,3,27,19,26,21,3,6,2.6,2.1,0.3,0.6,9,6,1,2,5,5,5,5,17.7,9.1,5.7,6.2,7.2,4.5,1.8,2.3,72.1,58.8,27.9,41.2,7.3,4.8,2.2,2.4,9.8,11.88,10.9,10.75,1.7,2.43,1.1,0.57,1,1.1,1.3,1.4,0,0,0.1,0,TRUE,1,1:01,['1:1'],,,1,1,1,1,,,12/13/2025,2042,0,12/13/2025,1509,0,533,533,2092,1.353214049
South Africa,South Korea,"FIFA World Cup, 3-round, group stage, 24.06.2026 21:00",24.06.2026,6/24/2026,,,10,10,171.3,218.6,6,7,2,1,2,2,20,22,17,18,8,8,1.7,1.8,0.8,0.8,4,7,5,1,6,4,4,6,12.89,11.3,6.44,9,5.67,4.2,2.33,2.5,62.67,57.1,37.33,42.9,5.11,5.7,3.89,2.6,12.67,12.8,15.11,9.7,2,1.8,1.33,1.6,2.44,1.1,2.22,1.3,0.11,0,0.22,0,FALSE,,,,,,,,,,,,,1490.960734,,,1490.960734,,0,0,1540.960734,1
Scotland,Brazil,"FIFA World Cup, 3-round, group stage, 24.06.2026 18:00",24.06.2026,6/24/2026,,,10,10,218.1,218.1,6,5,1,2,3,3,19,17,19,17,13,10,1.9,1.7,1.3,1,4,5,5,4,7,5,3,5,11.8,12.4,14,9.7,4.7,4.4,3.4,3.4,49.7,58.5,50.3,41.5,4.9,4.5,4.9,4,12.3,12,12.9,14.7,1.2,1.25,1.1,2.75,1.7,1.7,2.2,1.6,0,0,0.2,0,TRUE,10,1:01,['4:1'],0,8,3,16,0.3,1.6,,,12/13/2025,1790,0,12/13/2025,1979,0,-189,189,1840,0.904497221
Scotland,Brazil,"FIFA World Cup, 3-round, group stage, 24.06.2026 18:00",24.06.2026,6/24/2026,,,10,10,218.1,218.1,6,5,1,2,3,3,19,17,19,17,13,10,1.9,1.7,1.3,1,4,5,5,4,7,5,3,5,11.8,12.4,14,9.7,4.7,4.4,3.4,3.4,49.7,58.5,50.3,41.5,4.9,4.5,4.9,4,12.3,12,12.9,14.7,1.2,1.25,1.1,2.75,1.7,1.7,2.2,1.6,0,0,0.2,0,TRUE,10,1:01,['4:1'],0,8,3,16,0.3,1.6,,,12/13/2025,1790,0,12/13/2025,1979,0,-189,189,1840,0.904497221
European Play-Off D,Mexico,"FIFA World Cup, 3-round, group stage, 24.06.2026 21:00",24.06.2026,6/24/2026,,,,,,,,,,,,,#VALUE!,#VALUE!,,,,,,,,,,,,,,,,,,,,,,,,,,,,,,,,,,,,,,,,,,,,,,,,,FALSE,,,,,,,,,,,,,1490.960734,,12/13/2025,1835,0,-344.0392658,344.0392658,1540.960734,0.812512662
European Play-Off A,Qatar,"FIFA World Cup, 3-round, group stage, 24.06.2026 15:00",24.06.2026,6/24/2026,,,,,,,,,,,,,#VALUE!,#VALUE!,,,,,,,,,,,,,,,,,,,,,,,,,,,,,,,,,,,,,,,,,,,,,,,,,FALSE,,,,,,,,,,,,,1490.960734,,12/13/2025,1427,0,63.96073417,63.96073417,1540.960734,1.044821818
South Africa,South Korea,"FIFA World Cup, 3-round, group stage, 24.06.2026 21:00",24.06.2026,6/24/2026,,,10,10,171.3,218.6,6,7,2,1,2,2,20,22,17,18,8,8,1.7,1.8,0.8,0.8,4,7,5,1,6,4,4,6,12.89,11.3,6.44,9,5.67,4.2,2.33,2.5,62.67,57.1,37.33,42.9,5.11,5.7,3.89,2.6,12.67,12.8,15.11,9.7,2,1.8,1.33,1.6,2.44,1.1,2.22,1.3,0.11,0,0.22,0,FALSE,,,,,,,,,,,,,1490.960734,,,1490.960734,,0,0,1540.960734,1
Switzerland,Canada,"FIFA World Cup, 3-round, group stage, 24.06.2026 15:00",24.06.2026,6/24/2026,,,10,10,218,217.7,7,5,3,3,0,2,24,18,26,16,6,3,2.6,1.6,0.6,0.3,5,7,5,2,6,2,4,8,10.78,10.7,7.44,6.7,5.11,4,1.89,2,59.8,48.9,40.2,51.1,5,5.1,3.2,2.4,10.6,13.6,11.4,16.7,1.3,2,1,1.3,0.78,2.2,1.89,2.1,0,0.3,0,0.3,TRUE,1,,['1:3'],0,1,1,3,1,3,,,12/13/2025,1897,0,12/13/2025,1802,0,95,95,1947,1.052719201
Morocco,Haiti,"FIFA World Cup, 3-round, group stage, 24.06.2026 18:00",24.06.2026,6/24/2026,,,10,10,161,217.9,9,3,1,3,0,4,28,12,17,12,3,15,1.7,1.2,0.3,1.5,8,4,2,4,3,5,7,5,13.6,11.5,6.8,12.5,5.6,4.2,1.3,5,55.4,50.4,44.6,49.6,5.4,4.7,2,4.1,14.22,13.44,15.67,10.78,2.44,1.67,1.22,1.56,1.5,1.7,2.5,1.4,0.1,0.1,0,0,FALSE,,,,,,,,,,,,12/13/2025,1830,0,12/13/2025,1542,0,288,288,1880,1.186770428
Switzerland,Canada,"FIFA World Cup, 3-round, group stage, 24.06.2026 15:00",24.06.2026,6/24/2026,,,10,10,218,217.7,7,5,3,3,0,2,24,18,26,16,6,3,2.6,1.6,0.6,0.3,5,7,5,2,6,2,4,8,10.78,10.7,7.44,6.7,5.11,4,1.89,2,59.8,48.9,40.2,51.1,5,5.1,3.2,2.4,10.6,13.6,11.4,16.7,1.3,2,1,1.3,0.78,2.2,1.89,2.1,0,0.3,0,0.3,TRUE,1,,['1:3'],0,1,1,3,1,3,,,12/13/2025,1897,0,12/13/2025,1802,0,95,95,1947,1.052719201
Morocco,Haiti,"FIFA World Cup, 3-round, group stage, 24.06.2026 18:00",24.06.2026,6/24/2026,,,10,10,161,217.9,9,3,1,3,0,4,28,12,17,12,3,15,1.7,1.2,0.3,1.5,8,4,2,4,3,5,7,5,13.6,11.5,6.8,12.5,5.6,4.2,1.3,5,55.4,50.4,44.6,49.6,5.4,4.7,2,4.1,14.22,13.44,15.67,10.78,2.44,1.67,1.22,1.56,1.5,1.7,2.5,1.4,0.1,0.1,0,0,FALSE,,,,,,,,,,,,12/13/2025,1830,0,12/13/2025,1542,0,288,288,1880,1.186770428
Curaçao,Ivory Coast,"FIFA World Cup, 3-round, group stage, 25.06.2026 16:00",25.06.2026,6/25/2026,,,10,10,218.8,166,4,6,5,2,1,2,17,20,20,22,7,7,2,2.2,0.7,0.7,5,6,5,3,4,5,6,5,12.1,11.5,11.4,5.3,5.3,3.7,3.7,1.9,51.7,59.1,48.3,40.9,3.7,4.9,4,2.5,13.44,14.86,14,11.14,1.67,0.75,1.11,0.25,1.9,1.1,2.1,1.4,0,0,0.1,0,FALSE,,,,,,,,,,,,12/13/2025,1467,0,,1490.960734,,-23.96073417,23.96073417,1517,0.983929333
Paraguay,Australia,"FIFA World Cup, 3-round, group stage, 25.06.2026 22:00",25.06.2026,6/25/2026,,,10,10,219,219,4,7,3,0,3,3,15,21,11,16,10,9,1.1,1.6,1,0.9,4,4,4,4,4,5,6,5,10.7,6.8,8.9,11,3.8,3.3,3.4,4.4,37.8,39.2,62.2,60.8,4.4,2.2,4.9,4.8,13.2,9.7,12,11.7,1.78,1,1.11,1.6,1.6,0.8,1.4,1.2,0.1,0,0,0,TRUE,5,1:01,['2:1'],0,2,2,4,0.4,0.8,,,12/13/2025,1833,0,12/13/2025,1774,0,59,59,1883,1.033258174
Paraguay,Australia,"FIFA World Cup, 3-round, group stage, 25.06.2026 22:00",25.06.2026,6/25/2026,,,10,10,219,219,4,7,3,0,3,3,15,21,11,16,10,9,1.1,1.6,1,0.9,4,4,4,4,4,5,6,5,10.7,6.8,8.9,11,3.8,3.3,3.4,4.4,37.8,39.2,62.2,60.8,4.4,2.2,4.9,4.8,13.2,9.7,12,11.7,1.78,1,1.11,1.6,1.6,0.8,1.4,1.2,0.1,0,0,0,TRUE,5,1:01,['2:1'],0,2,2,4,0.4,0.8,,,12/13/2025,1833,0,12/13/2025,1774,0,59,59,1883,1.033258174
European Play-Off C,USA,"FIFA World Cup, 3-round, group stage, 25.06.2026 22:00",25.06.2026,6/25/2026,,,,,,,,,,,,,#VALUE!,#VALUE!,,,,,,,,,,,,,,,,,,,,,,,,,,,,,,,,,,,,,,,,,,,,,,,,,FALSE,,,,,,,,,,,,,1490.960734,,,1490.960734,,0,0,1540.960734,1
Tunisia,Netherlands,"FIFA World Cup, 3-round, group stage, 25.06.2026 19:00",25.06.2026,6/25/2026,,,10,10,173.1,220.1,4,6,3,3,3,1,15,21,18,32,13,9,1.8,3.2,1.3,0.9,1,5,8,5,6,7,4,3,11.56,16.5,10.78,9.1,4.33,6.5,2.89,3.4,52,61.9,48,38.1,5.44,5.6,4.33,2.3,16.38,10.5,11.38,11.7,1.63,1.7,0.75,1.5,1.67,0.9,1.78,2,0.11,0.1,0.22,0,TRUE,3,2:02,"['2:2', '0:4']",0,1,3,7,1,2.33,,,12/13/2025,1641,0,12/13/2025,1959,0,-318,318,1691,0.837672282
Ecuador,Germany,"FIFA World Cup, 3-round, group stage, 25.06.2026 16:00",25.06.2026,6/25/2026,,,10,10,218.8,220,3,6,7,1,0,3,16,19,7,22,3,11,0.7,2.2,0.3,1.1,7,4,3,4,1,6,9,4,9.7,16.4,8.9,9.2,3.6,6,3,3.6,54.3,66.6,45.7,33.4,3.3,6.1,4.3,4.1,13,12.7,11.2,10.6,1.7,1.4,1.1,0.6,2,1.9,1.8,2.3,0.2,0,0.2,0.1,TRUE,2,,['2:4'],0,2,2,7,1,3.5,,,12/13/2025,1933,0,12/13/2025,1910,0,23,23,1983,1.012041885
Ecuador,Germany,"FIFA World Cup, 3-round, group stage, 25.06.2026 16:00",25.06.2026,6/25/2026,,,10,10,218.8,220,3,6,7,1,0,3,16,19,7,22,3,11,0.7,2.2,0.3,1.1,7,4,3,4,1,6,9,4,9.7,16.4,8.9,9.2,3.6,6,3,3.6,54.3,66.6,45.7,33.4,3.3,6.1,4.3,4.1,13,12.7,11.2,10.6,1.7,1.4,1.1,0.6,2,1.9,1.8,2.3,0.2,0,0.2,0.1,TRUE,2,,['2:4'],0,2,2,7,1,3.5,,,12/13/2025,1933,0,12/13/2025,1910,0,23,23,1983,1.012041885
Curaçao,Ivory Coast,"FIFA World Cup, 3-round, group stage, 25.06.2026 16:00",25.06.2026,6/25/2026,,,10,10,218.8,166,4,6,5,2,1,2,17,20,20,22,7,7,2,2.2,0.7,0.7,5,6,5,3,4,5,6,5,12.1,11.5,11.4,5.3,5.3,3.7,3.7,1.9,51.7,59.1,48.3,40.9,3.7,4.9,4,2.5,13.44,14.86,14,11.14,1.67,0.75,1.11,0.25,1.9,1.1,2.1,1.4,0,0,0.1,0,FALSE,,,,,,,,,,,,12/13/2025,1467,0,,1490.960734,,-23.96073417,23.96073417,1517,0.983929333
Tunisia,Netherlands,"FIFA World Cup, 3-round, group stage, 25.06.2026 19:00",25.06.2026,6/25/2026,,,10,10,173.1,220.1,4,6,3,3,3,1,15,21,18,32,13,9,1.8,3.2,1.3,0.9,1,5,8,5,6,7,4,3,11.56,16.5,10.78,9.1,4.33,6.5,2.89,3.4,52,61.9,48,38.1,5.44,5.6,4.33,2.3,16.38,10.5,11.38,11.7,1.63,1.7,0.75,1.5,1.67,0.9,1.78,2,0.11,0.1,0.22,0,TRUE,3,2:02,"['2:2', '0:4']",0,1,3,7,1,2.33,,,12/13/2025,1641,0,12/13/2025,1959,0,-318,318,1691,0.837672282
Japan,European Play-Off B,"FIFA World Cup, 3-round, group stage, 25.06.2026 19:00",25.06.2026,6/25/2026,,,,,,,,,,,,,#VALUE!,#VALUE!,,,,,,,,,,,,,,,,,,,,,,,,,,,,,,,,,,,,,,,,,,,,,,,,,FALSE,,,,,,,,,,,,12/13/2025,1878,0,,1490.960734,,387.0392658,387.0392658,1928,1.259590516
Senegal,FIFA Play-Off Tournament 2,"FIFA World Cup, 3-round, group stage, 26.06.2026 15:00",26.06.2026,6/26/2026,,,,,,,,,,,,,#VALUE!,#VALUE!,,,,,,,,,,,,,,,,,,,,,,,,,,,,,,,,,,,,,,,,,,,,,,,,,FALSE,,,,,,,,,,,,12/13/2025,1803,0,,1490.960734,,312.0392658,312.0392658,1853,1.20928738
Norway,France,"FIFA World Cup, 3-round, group stage, 26.06.2026 15:00",26.06.2026,6/26/2026,,,10,10,222,222.1,9,7,1,1,0,2,28,22,39,24,6,11,3.9,2.4,0.6,1.1,5,5,5,4,7,6,3,4,19.2,21.4,7.2,7.2,7,7.7,2.7,2.6,58.2,63.6,41.8,36.4,5.5,7.8,2.3,2.3,9.5,10.8,11.3,13.7,1,0.8,1.22,1.7,1,1.6,1,2,0,0.1,0,0,TRUE,15,3:03,['3:3'],4,7,15,22,1,1.47,,,12/13/2025,1922,0,12/13/2025,2062,0,-140,140,1972,0.932104753
Egypt,Iran,"FIFA World Cup, 3-round, group stage, 26.06.2026 23:00",26.06.2026,6/26/2026,,,10,10,160.4,220.4,5,5,2,1,3,4,17,16,12,14,10,7,1.2,1.4,1,0.7,3,5,5,3,5,5,5,5,10.3,11.4,10.7,6.2,4.1,4.6,3.7,1.8,48,57.89,52,42.11,3.7,5.5,4.7,3,12.67,13.5,15.44,12.25,2.11,1.25,1.33,1.5,2,1.3,2,2,0.11,0.2,0,0.2,TRUE,1,,['8:9'],1,0,9,8,9,8,,,12/13/2025,1591,0,12/13/2025,1754,0,-163,163,1641,0.907069555
Uruguay,Spain,"FIFA World Cup, 3-round, group stage, 26.06.2026 20:00",26.06.2026,6/26/2026,,,10,10,220,220.2,4,7,3,2,3,1,15,23,9,33,9,13,0.9,3.3,0.9,1.3,6,5,2,5,3,9,7,1,9.7,20.3,11.5,9.5,2.7,8.7,3.9,3.7,55.5,64.1,44.5,35.9,4.7,5.9,4.5,2.9,11.7,11.6,11.5,9.6,0.78,2.3,1.44,1.8,1.8,1.4,1.8,1.6,0.1,0,0.1,0.1,TRUE,10,2:02,"['3:1', '2:2', '2:2']",0,5,8,16,0.8,1.6,,,12/13/2025,1890,0,12/13/2025,2171,0,-281,281,1940,0.870566559
Norway,France,"FIFA World Cup, 3-round, group stage, 26.06.2026 15:00",26.06.2026,6/26/2026,,,10,10,222,222.1,9,7,1,1,0,2,28,22,39,24,6,11,3.9,2.4,0.6,1.1,5,5,5,4,7,6,3,4,19.2,21.4,7.2,7.2,7,7.7,2.7,2.6,58.2,63.6,41.8,36.4,5.5,7.8,2.3,2.3,9.5,10.8,11.3,13.7,1,0.8,1.22,1.7,1,1.6,1,2,0,0.1,0,0,TRUE,15,3:03,['3:3'],4,7,15,22,1,1.47,,,12/13/2025,1922,0,12/13/2025,2062,0,-140,140,1972,0.932104753
New Zealand,Belgium,"FIFA World Cup, 3-round, group stage, 26.06.2026 23:00",26.06.2026,6/26/2026,,,10,10,220,220.3,3,6,1,3,6,1,10,21,15,33,12,10,1.5,3.3,1.2,1,3,5,4,5,5,7,5,3,7.88,20.5,16.63,6.4,3,7.4,6.13,2.7,43.33,66.9,56.67,33.1,3.25,9.7,5.38,2.4,11.75,9.7,12.13,10.4,1.38,1.2,1.75,1.1,1.75,1.2,1,2.6,0,0,0,0.1,FALSE,,,,,,,,,,,,,1490.960734,,12/13/2025,1849,0,-358.0392658,358.0392658,1540.960734,0.806360592
New Zealand,Belgium,"FIFA World Cup, 3-round, group stage, 26.06.2026 23:00",26.06.2026,6/26/2026,,,10,10,220,220.3,3,6,1,3,6,1,10,21,15,33,12,10,1.5,3.3,1.2,1,3,5,4,5,5,7,5,3,7.88,20.5,16.63,6.4,3,7.4,6.13,2.7,43.33,66.9,56.67,33.1,3.25,9.7,5.38,2.4,11.75,9.7,12.13,10.4,1.38,1.2,1.75,1.1,1.75,1.2,1,2.6,0,0,0,0.1,FALSE,,,,,,,,,,,,,1490.960734,,12/13/2025,1849,0,-358.0392658,358.0392658,1540.960734,0.806360592
Cape Verde,Saudi Arabia,"FIFA World Cup, 3-round, group stage, 26.06.2026 20:00",26.06.2026,6/26/2026,,,10,10,221.3,193.3,5,5,3,2,2,3,18,17,17,12,7,10,1.7,1.2,0.7,1,5,2,5,5,4,4,6,6,9.5,11.2,7.88,5.4,3.63,3.9,3.5,2.4,53.78,60.56,46.22,39.44,3.67,4.3,3.67,2.5,11.4,10,8,14,2.17,1.33,0.83,1.56,1.63,1.8,1.88,1.8,0,0.2,0,0,FALSE,,,,,,,,,,,,,1490.960734,,,1490.960734,,0,0,1540.960734,1
Uruguay,Spain,"FIFA World Cup, 3-round, group stage, 26.06.2026 20:00",26.06.2026,6/26/2026,,,10,10,220,220.2,4,7,3,2,3,1,15,23,9,33,9,13,0.9,3.3,0.9,1.3,6,5,2,5,3,9,7,1,9.7,20.3,11.5,9.5,2.7,8.7,3.9,3.7,55.5,64.1,44.5,35.9,4.7,5.9,4.5,2.9,11.7,11.6,11.5,9.6,0.78,2.3,1.44,1.8,1.8,1.4,1.8,1.6,0.1,0,0.1,0.1,TRUE,10,2:02,"['3:1', '2:2', '2:2']",0,5,8,16,0.8,1.6,,,12/13/2025,1890,0,12/13/2025,2171,0,-281,281,1940,0.870566559
Cape Verde,Saudi Arabia,"FIFA World Cup, 3-round, group stage, 26.06.2026 20:00",26.06.2026,6/26/2026,,,10,10,221.3,193.3,5,5,3,2,2,3,18,17,17,12,7,10,1.7,1.2,0.7,1,5,2,5,5,4,4,6,6,9.5,11.2,7.88,5.4,3.63,3.9,3.5,2.4,53.78,60.56,46.22,39.44,3.67,4.3,3.67,2.5,11.4,10,8,14,2.17,1.33,0.83,1.56,1.63,1.8,1.88,1.8,0,0.2,0,0,FALSE,,,,,,,,,,,,,1490.960734,,,1490.960734,,0,0,1540.960734,1
Egypt,Iran,"FIFA World Cup, 3-round, group stage, 26.06.2026 23:00",26.06.2026,6/26/2026,,,10,10,160.4,220.4,5,5,2,1,3,4,17,16,12,14,10,7,1.2,1.4,1,0.7,3,5,5,3,5,5,5,5,10.3,11.4,10.7,6.2,4.1,4.6,3.7,1.8,48,57.89,52,42.11,3.7,5.5,4.7,3,12.67,13.5,15.44,12.25,2.11,1.25,1.33,1.5,2,1.3,2,2,0.11,0.2,0,0.2,TRUE,1,,['8:9'],1,0,9,8,9,8,,,12/13/2025,1591,0,12/13/2025,1754,0,-163,163,1641,0.907069555
Algeria,Austria,"FIFA World Cup, 3-round, group stage, 27.06.2026 22:00",27.06.2026,6/27/2026,,,10,10,168.4,221.3,7,6,1,2,2,2,22,20,18,23,5,7,1.8,2.3,0.5,0.7,6,4,3,4,3,4,7,6,9.5,14.3,7.3,9.7,4.1,6.3,2.1,2.2,54.67,64.8,45.33,35.2,4.7,4.1,3.7,3.1,17.33,13.4,14.33,10.7,2.11,2.2,1.67,1.3,2.1,1.7,2.2,1.9,0.1,0.2,0.2,0,TRUE,1,,['0:2'],0,1,0,2,0,2,,,12/13/2025,1726,0,12/13/2025,1818,0,-92,92,1776,0.949394939
Jordan,Argentina,"FIFA World Cup, 3-round, group stage, 27.06.2026 22:00",27.06.2026,6/27/2026,,,10,10,191.4,225.4,5,8,1,1,4,1,16,25,16,21,13,3,1.6,2.1,1.3,0.3,4,7,5,2,6,3,4,7,10.8,13.44,13.1,6.67,4.6,5.78,4.4,2.33,41.4,63.22,58.6,36.78,3.9,4.89,5.6,2.22,12.29,11.67,9.14,11.67,1.57,3.14,1,1.57,0.8,1.67,1.4,2.67,0.1,0.33,0.2,0.11,FALSE,,,,,,,,,,,,12/13/2025,1687,0,12/13/2025,2113,0,-426,426,1737,0.798390913
Colombia,Portugal,"FIFA World Cup, 3-round, group stage, 27.06.2026 19:30",27.06.2026,6/27/2026,,,10,10,220.9,223.4,5,7,4,1,1,2,19,22,22,29,9,13,2.2,2.9,0.9,1.3,5,2,5,6,7,7,3,3,12.2,20,9.7,11.1,5.1,7.1,3.5,4.1,57.5,62.6,42.5,37.4,3.6,6.4,3.2,3.5,15.2,9.6,12.6,10.4,1.8,2.9,1.7,1.9,1.1,1.9,2,2.3,0,0.1,0.1,0,FALSE,,,,,,,,,,,,12/13/2025,1998,0,12/13/2025,1976,0,22,22,2048,1.011133603
FIFA Play-Off Tournament 1,Uzbekistan,"FIFA World Cup, 3-round, group stage, 27.06.2026 19:30",27.06.2026,6/27/2026,,,,,,,,,,,,,#VALUE!,#VALUE!,,,,,,,,,,,,,,,,,,,,,,,,,,,,,,,,,,,,,,,,,,,,,,,,,FALSE,,,,,,,,,,,,,1490.960734,,12/13/2025,1735,0,-244.0392658,244.0392658,1540.960734,0.859343363
Croatia,Ghana,"FIFA World Cup, 3-round, group stage, 27.06.2026 17:00",27.06.2026,6/27/2026,,,10,10,222,221.4,8,6,1,1,1,3,25,19,28,21,6,6,2.8,2.1,0.6,0.6,6,6,3,2,6,5,4,5,19.4,9.1,9.8,6.2,7.2,4.5,3.4,2.3,63.7,58.8,36.3,41.2,7.7,4.8,5,2.4,10.7,11.88,11.6,10.75,2.5,2.43,1.8,0.57,1.2,1.1,1.6,1.4,0,0,0.1,0,FALSE,,,,,,,,,,,,12/13/2025,1933,0,12/13/2025,1509,0,424,424,1983,1.280980782
Panama,England,"FIFA World Cup, 3-round, group stage, 27.06.2026 17:00",27.06.2026,6/27/2026,,,10,10,220.8,223.2,6,9,3,0,1,1,21,27,20,26,8,3,2,2.6,0.8,0.3,4,9,6,1,4,5,6,5,16.4,17.7,10.6,5.7,6.1,7.2,3.3,1.8,62.7,72.1,37.3,27.9,6.3,7.3,3.4,2.2,13.2,9.8,12.4,10.9,1.3,1.7,2.1,1.1,1.2,1,1.9,1.3,0,0,0,0.1,TRUE,1,,['6:1'],0,1,1,6,1,6,,,12/13/2025,1742,0,12/13/2025,2042,0,-300,300,1792,0.853085211
Croatia,Ghana,"FIFA World Cup, 3-round, group stage, 27.06.2026 17:00",27.06.2026,6/27/2026,,,10,10,222,221.4,8,6,1,1,1,3,25,19,28,21,6,6,2.8,2.1,0.6,0.6,6,6,3,2,6,5,4,5,19.4,9.1,9.8,6.2,7.2,4.5,3.4,2.3,63.7,58.8,36.3,41.2,7.7,4.8,5,2.4,10.7,11.88,11.6,10.75,2.5,2.43,1.8,0.57,1.2,1.1,1.6,1.4,0,0,0.1,0,FALSE,,,,,,,,,,,,12/13/2025,1933,0,12/13/2025,1509,0,424,424,1983,1.280980782
Colombia,Portugal,"FIFA World Cup, 3-round, group stage, 27.06.2026 19:30",27.06.2026,6/27/2026,,,10,10,220.9,223.4,5,7,4,1,1,2,19,22,22,29,9,13,2.2,2.9,0.9,1.3,5,2,5,6,7,7,3,3,12.2,20,9.7,11.1,5.1,7.1,3.5,4.1,57.5,62.6,42.5,37.4,3.6,6.4,3.2,3.5,15.2,9.6,12.6,10.4,1.8,2.9,1.7,1.9,1.1,1.9,2,2.3,0,0.1,0.1,0,FALSE,,,,,,,,,,,,12/13/2025,1998,0,12/13/2025,1976,0,22,22,2048,1.011133603
Jordan,Argentina,"FIFA World Cup, 3-round, group stage, 27.06.2026 22:00",27.06.2026,6/27/2026,,,10,10,191.4,225.4,5,8,1,1,4,1,16,25,16,21,13,3,1.6,2.1,1.3,0.3,4,7,5,2,6,3,4,7,10.8,13.44,13.1,6.67,4.6,5.78,4.4,2.33,41.4,63.22,58.6,36.78,3.9,4.89,5.6,2.22,12.29,11.67,9.14,11.67,1.57,3.14,1,1.57,0.8,1.67,1.4,2.67,0.1,0.33,0.2,0.11,FALSE,,,,,,,,,,,,12/13/2025,1687,0,12/13/2025,2113,0,-426,426,1737,0.798390913
Panama,England,"FIFA World Cup, 3-round, group stage, 27.06.2026 17:00",27.06.2026,6/27/2026,,,10,10,220.8,223.2,6,9,3,0,1,1,21,27,20,26,8,3,2,2.6,0.8,0.3,4,9,6,1,4,5,6,5,16.4,17.7,10.6,5.7,6.1,7.2,3.3,1.8,62.7,72.1,37.3,27.9,6.3,7.3,3.4,2.2,13.2,9.8,12.4,10.9,1.3,1.7,2.1,1.1,1.2,1,1.9,1.3,0,0,0,0.1,TRUE,1,,['6:1'],0,1,1,6,1,6,,,12/13/2025,1742,0,12/13/2025,2042,0,-300,300,1792,0.853085211
Algeria,Austria,"FIFA World Cup, 3-round, group stage, 27.06.2026 22:00",27.06.2026,6/27/2026,,,10,10,168.4,221.3,7,6,1,2,2,2,22,20,18,23,5,7,1.8,2.3,0.5,0.7,6,4,3,4,3,4,7,6,9.5,14.3,7.3,9.7,4.1,6.3,2.1,2.2,54.67,64.8,45.33,35.2,4.7,4.1,3.7,3.1,17.33,13.4,14.33,10.7,2.11,2.2,1.67,1.3,2.1,1.7,2.2,1.9,0.1,0.2,0.2,0,TRUE,1,,['0:2'],0,1,0,2,0,2,,,12/13/2025,1726,0,12/13/2025,1818,0,-92,92,1776,0.949394939
Olympiakos,Bayer Leverkusen,"UEFA Champions League, 7-round, league phase, 21.01.2026 04:00",1.21.2026,1/21/2026,,,10,10,6.1,3.2,7,5,2,1,1,4,23,16,22,15,5,13,2.2,1.5,0.5,1.3,7,3,2,5,4,5,6,5,16.9,12.7,4.8,14.7,8,4,2.1,6.2,59.6,56.7,40.4,43.3,9,5.6,2.2,5.4,14.29,8.5,13.14,9.7,2.71,1.3,1.71,1.2,1.2,2.2,2.5,2.1,0.1,0,0.2,0,TRUE,2,,['6:2'],1,1,6,4,3,2,,,6/1/2025,GRE,1670.37,,,1505.072948,165.297052,165.297052,1720.37,1.109826605
